17/04/2025 08:00,London Greenwich,Heath Koonce,"Large Frappes - Strawberries & Cream - 3.25, Large Iced americano - 2.50, Large Iced americano - 2.50",8.25,CASH,
17/04/2025 08:01,London Greenwich,Douglas Fosmire,"Large Iced americano - 2.50, Large Frappes - Chocolate Cookie - 3.25",5.75,CARD,8527759506427765
17/04/2025 08:03,London Greenwich,Deborah Smith,"Large Frappes - Strawberries & Cream - 3.25, Large Frappes - Chocolate Cookie - 3.25, Regular Frappes - Strawberries & Cream - 2.75",9.25,CARD,4209142542543682
17/04/2025 08:05,London Greenwich,Marvin Mccall,Regular Frappes - Chocolate Cookie - 2.75,2.75,CARD,5962070584826024
17/04/2025 08:07,London Greenwich,Herman Pearson,Large Flavoured iced latte - Caramel - 3.25,3.25,CASH,
17/04/2025 08:08,London Greenwich,Dessie Galvez,"Regular Frappes - Chocolate Cookie - 2.75, Regular Frappes - Chocolate Cookie - 2.75, Regular Frappes - Strawberries & Cream - 2.75, Large Frappes - Chocolate Cookie - 3.25",11.5,CARD,3339691427010622
17/04/2025 08:10,London Greenwich,Erin Tintinger,"Large Latte - 2.45, Regular Flavoured iced latte - Caramel - 2.75",5.2,CARD,2333215375770978
17/04/2025 08:12,London Greenwich,Dusty Whitmer,"Regular Latte - 2.15, Large Frappes - Chocolate Cookie - 3.25, Regular Frappes - Strawberries & Cream - 2.75, Regular Iced americano - 2.15",10.3,CARD,4978995409911976
17/04/2025 08:14,London Greenwich,James Burns,"Large Iced americano - 2.50, Large Flavoured iced latte - Caramel - 3.25, Regular Latte - 2.15, Large Latte - 2.45",10.35,CARD,7449388548059579
17/04/2025 08:15,London Greenwich,Devona Hay,"Large Latte - 2.45, Large Iced americano - 2.50, Regular Iced americano - 2.15, Regular Latte - 2.15, Large Frappes - Strawberries & Cream - 3.25",12.5,CARD,6614655140707496
17/04/2025 08:17,London Greenwich,Sherry Obrien,"Large Frappes - Chocolate Cookie - 3.25, Regular Frappes - Chocolate Cookie - 2.75",6.0,CARD,8506140627475756
17/04/2025 08:19,London Greenwich,Tonya Ellerbee,"Regular Flavoured iced latte - Caramel - 2.75, Regular Frappes - Chocolate Cookie - 2.75",5.5,CARD,4773374948977249
17/04/2025 08:21,London Greenwich,Joseph Holcomb,Large Flavoured iced latte - Caramel - 3.25,3.25,CARD,2573981596964926
17/04/2025 08:22,London Greenwich,Petra Lamm,Regular Frappes - Strawberries & Cream - 2.75,2.75,CASH,
17/04/2025 08:24,London Greenwich,Brian Farber,Large Frappes - Strawberries & Cream - 3.25,3.25,CARD,6990652121872883
17/04/2025 08:26,London Greenwich,Amber Baker,Regular Flavoured iced latte - Caramel - 2.75,2.75,CARD,9438069401435219
17/04/2025 08:28,London Greenwich,John Constantini,Regular Frappes - Chocolate Cookie - 2.75,2.75,CARD,5506666709376931
17/04/2025 08:29,London Greenwich,Robert Koester,"Large Frappes - Chocolate Cookie - 3.25, Large Frappes - Strawberries & Cream - 3.25",6.5,CARD,3714896830250777
17/04/2025 08:31,London Greenwich,Calvin Butler,Regular Flavoured iced latte - Caramel - 2.75,2.75,CASH,
17/04/2025 08:33,London Greenwich,Ronald Stalling,"Regular Flavoured iced latte - Caramel - 2.75, Large Frappes - Chocolate Cookie - 3.25",6.0,CASH,
17/04/2025 08:35,London Greenwich,Lester Wilson,"Large Frappes - Chocolate Cookie - 3.25, Large Latte - 2.45, Regular Frappes - Chocolate Cookie - 2.75, Regular Flavoured iced latte - Caramel - 2.75, Regular Iced americano - 2.15",13.35,CARD,9219779737739191
17/04/2025 08:36,London Greenwich,Mark Gonzalez,"Regular Flavoured iced latte - Caramel - 2.75, Regular Flavoured iced latte - Caramel - 2.75, Regular Latte - 2.15",7.65,CARD,8128333393423080
17/04/2025 08:38,London Greenwich,Felipe Dodge,"Large Frappes - Chocolate Cookie - 3.25, Large Latte - 2.45",5.7,CARD,8952989595773364
17/04/2025 08:40,London Greenwich,Bill Bonsall,"Large Frappes - Strawberries & Cream - 3.25, Large Latte - 2.45, Large Frappes - Chocolate Cookie - 3.25, Large Frappes - Strawberries & Cream - 3.25",12.2,CASH,
17/04/2025 08:42,London Greenwich,Nicole Mankin,Large Latte - 2.45,2.45,CASH,
17/04/2025 08:43,London Greenwich,Robert Morey,"Regular Iced americano - 2.15, Large Flavoured iced latte - Caramel - 3.25",5.4,CARD,4320771836190228
17/04/2025 08:45,London Greenwich,Tara Ovit,"Regular Frappes - Chocolate Cookie - 2.75, Large Frappes - Strawberries & Cream - 3.25, Large Flavoured iced latte - Caramel - 3.25, Regular Latte - 2.15",11.4,CARD,9982344844823395
17/04/2025 08:47,London Greenwich,Mark Rutledge,"Regular Iced americano - 2.15, Regular Latte - 2.15, Regular Frappes - Strawberries & Cream - 2.75, Large Iced americano - 2.50, Regular Frappes - Chocolate Cookie - 2.75, Large Latte - 2.45",14.75,CARD,5659072606737427
17/04/2025 08:49,London Greenwich,Donna Reynolds,"Large Frappes - Strawberries & Cream - 3.25, Large Flavoured iced latte - Caramel - 3.25, Large Flavoured iced latte - Caramel - 3.25, Regular Frappes - Strawberries & Cream - 2.75",12.5,CASH,
17/04/2025 08:50,London Greenwich,Mary Crum,"Large Frappes - Strawberries & Cream - 3.25, Large Frappes - Strawberries & Cream - 3.25, Regular Frappes - Strawberries & Cream - 2.75, Regular Flavoured iced latte - Caramel - 2.75, Large Latte - 2.45",14.45,CARD,6117288257110963
17/04/2025 08:52,London Greenwich,Florence Gilliam,"Large Iced americano - 2.50, Large Latte - 2.45, Large Flavoured iced latte - Caramel - 3.25",8.2,CARD,3234202500841085
17/04/2025 08:54,London Greenwich,Jeffery Reynolds,Regular Frappes - Chocolate Cookie - 2.75,2.75,CASH,
17/04/2025 08:56,London Greenwich,Betsy Gonzalez,"Regular Latte - 2.15, Regular Frappes - Strawberries & Cream - 2.75, Large Frappes - Strawberries & Cream - 3.25",8.15,CARD,1836585133418073
17/04/2025 08:58,London Greenwich,Michael Shea,"Regular Frappes - Strawberries & Cream - 2.75, Regular Latte - 2.15, Large Flavoured iced latte - Caramel - 3.25, Regular Iced americano - 2.15, Large Iced americano - 2.50",12.8,CARD,1779290832872451
17/04/2025 08:59,London Greenwich,Sylvia Smith,"Large Flavoured iced latte - Caramel - 3.25, Regular Latte - 2.15, Large Frappes - Chocolate Cookie - 3.25, Large Flavoured iced latte - Caramel - 3.25",11.9,CARD,9314164102717372
17/04/2025 09:01,London Greenwich,Carmen Berube,"Large Flavoured iced latte - Caramel - 3.25, Large Frappes - Chocolate Cookie - 3.25, Regular Frappes - Chocolate Cookie - 2.75, Regular Frappes - Chocolate Cookie - 2.75, Regular Flavoured iced latte - Caramel - 2.75, Regular Iced americano - 2.15",16.9,CARD,7766258092327589
17/04/2025 09:05,London Greenwich,Jamie Jones,"Regular Frappes - Strawberries & Cream - 2.75, Large Frappes - Chocolate Cookie - 3.25, Regular Flavoured iced latte - Caramel - 2.75, Large Flavoured iced latte - Caramel - 3.25",12.0,CARD,1599589545389019
17/04/2025 09:08,London Greenwich,Williams Mireles,"Regular Latte - 2.15, Regular Latte - 2.15",4.3,CASH,
17/04/2025 09:12,London Greenwich,Shirley Blackman,"Large Iced americano - 2.50, Large Latte - 2.45, Large Latte - 2.45",7.4,CARD,4767594920307110
17/04/2025 09:15,London Greenwich,April Merrill,"Regular Flavoured iced latte - Caramel - 2.75, Regular Flavoured iced latte - Caramel - 2.75, Regular Frappes - Chocolate Cookie - 2.75",8.25,CARD,9767712974610665
17/04/2025 09:19,London Greenwich,Spencer Lovely,"Regular Flavoured iced latte - Caramel - 2.75, Large Flavoured iced latte - Caramel - 3.25",6.0,CARD,9993769087832137
17/04/2025 09:22,London Greenwich,Thomas Beattie,"Regular Flavoured iced latte - Caramel - 2.75, Regular Flavoured iced latte - Caramel - 2.75, Regular Latte - 2.15",7.65,CARD,7994188893493707
17/04/2025 09:26,London Greenwich,David Magallanes,"Regular Flavoured iced latte - Caramel - 2.75, Regular Flavoured iced latte - Caramel - 2.75",5.5,CASH,
17/04/2025 09:29,London Greenwich,Paula Gonzales,"Large Frappes - Chocolate Cookie - 3.25, Large Flavoured iced latte - Caramel - 3.25, Large Frappes - Chocolate Cookie - 3.25",9.75,CARD,3930273529344647
17/04/2025 09:33,London Greenwich,June Montes,"Large Latte - 2.45, Regular Frappes - Chocolate Cookie - 2.75, Large Flavoured iced latte - Caramel - 3.25",8.45,CASH,
17/04/2025 09:36,London Greenwich,Emily Gray,Large Flavoured iced latte - Caramel - 3.25,3.25,CARD,7121140741796965
17/04/2025 09:40,London Greenwich,Krystin Ramsey,"Large Frappes - Strawberries & Cream - 3.25, Large Iced americano - 2.50",5.75,CARD,5158864354670904
17/04/2025 09:43,London Greenwich,Darlene Phinney,Regular Latte - 2.15,2.15,CASH,
17/04/2025 09:47,London Greenwich,Shawn Quarles,"Regular Frappes - Strawberries & Cream - 2.75, Large Iced americano - 2.50, Large Frappes - Chocolate Cookie - 3.25, Regular Frappes - Chocolate Cookie - 2.75, Large Frappes - Chocolate Cookie - 3.25",14.5,CARD,9893036504034580
17/04/2025 09:50,London Greenwich,Carl Morgan,Regular Flavoured iced latte - Caramel - 2.75,2.75,CASH,
17/04/2025 09:54,London Greenwich,Charles Perry,"Large Frappes - Chocolate Cookie - 3.25, Regular Latte - 2.15",5.4,CARD,7872215851001103
17/04/2025 09:57,London Greenwich,Timothy Mace,Regular Frappes - Strawberries & Cream - 2.75,2.75,CARD,3203099131451362
17/04/2025 10:01,London Greenwich,Luis Creech,"Large Latte - 2.45, Regular Frappes - Chocolate Cookie - 2.75",5.2,CASH,
17/04/2025 10:02,London Greenwich,Samual Correira,Large Frappes - Strawberries & Cream - 3.25,3.25,CARD,5087591205531694
17/04/2025 10:04,London Greenwich,Marcia Mui,Regular Flavoured iced latte - Caramel - 2.75,2.75,CARD,7384997339364415
17/04/2025 10:05,London Greenwich,Marie Cruz,"Large Iced americano - 2.50, Large Flavoured iced latte - Caramel - 3.25",5.75,CASH,
17/04/2025 10:06,London Greenwich,Edwin Vincent,"Regular Flavoured iced latte - Caramel - 2.75, Large Frappes - Strawberries & Cream - 3.25, Large Iced americano - 2.50",8.5,CARD,5108124595213214
17/04/2025 10:08,London Greenwich,Mary Nichols,Large Flavoured iced latte - Caramel - 3.25,3.25,CASH,
17/04/2025 10:09,London Greenwich,Charla Sims,Large Iced americano - 2.50,2.5,CARD,9705735460499926
17/04/2025 10:11,London Greenwich,John Nava,Regular Iced americano - 2.15,2.15,CARD,8256730251001655
17/04/2025 10:12,London Greenwich,Jerome Valerio,"Regular Latte - 2.15, Regular Flavoured iced latte - Caramel - 2.75, Regular Frappes - Strawberries & Cream - 2.75",7.65,CASH,
17/04/2025 10:13,London Greenwich,Lillian Crosby,"Large Frappes - Chocolate Cookie - 3.25, Large Flavoured iced latte - Caramel - 3.25",6.5,CASH,
17/04/2025 10:15,London Greenwich,Robert Speed,"Regular Frappes - Strawberries & Cream - 2.75, Large Frappes - Chocolate Cookie - 3.25, Regular Frappes - Strawberries & Cream - 2.75",8.75,CASH,
17/04/2025 10:16,London Greenwich,Christine Barton,"Regular Latte - 2.15, Large Frappes - Chocolate Cookie - 3.25, Large Iced americano - 2.50, Large Latte - 2.45, Regular Latte - 2.15, Regular Frappes - Strawberries & Cream - 2.75",15.25,CARD,5488816943758258
17/04/2025 10:17,London Greenwich,Roberto Jacobsen,"Large Flavoured iced latte - Caramel - 3.25, Large Iced americano - 2.50, Regular Latte - 2.15",7.9,CASH,
17/04/2025 10:19,London Greenwich,Antonio Disimone,"Large Latte - 2.45, Regular Flavoured iced latte - Caramel - 2.75, Large Frappes - Chocolate Cookie - 3.25, Regular Iced americano - 2.15",10.6,CARD,2289235944489595
17/04/2025 10:20,London Greenwich,Jamie Cash,"Regular Frappes - Strawberries & Cream - 2.75, Large Frappes - Strawberries & Cream - 3.25, Regular Frappes - Strawberries & Cream - 2.75, Regular Iced americano - 2.15",10.9,CARD,3033642594458798
17/04/2025 10:22,London Greenwich,Sara Kaminsky,"Regular Frappes - Strawberries & Cream - 2.75, Regular Iced americano - 2.15, Large Flavoured iced latte - Caramel - 3.25",8.15,CARD,7511877068965267
17/04/2025 10:23,London Greenwich,Anne Cooke,Regular Flavoured iced latte - Caramel - 2.75,2.75,CARD,9956471698819807
17/04/2025 10:24,London Greenwich,Felipe Mcbride,"Regular Frappes - Strawberries & Cream - 2.75, Large Frappes - Strawberries & Cream - 3.25, Regular Flavoured iced latte - Caramel - 2.75, Large Frappes - Chocolate Cookie - 3.25, Large Flavoured iced latte - Caramel - 3.25",15.25,CASH,
17/04/2025 10:26,London Greenwich,James Avera,"Large Frappes - Strawberries & Cream - 3.25, Large Flavoured iced latte - Caramel - 3.25, Regular Flavoured iced latte - Caramel - 2.75, Regular Latte - 2.15, Large Latte - 2.45",13.85,CARD,2468927459652146
17/04/2025 10:27,London Greenwich,Candice Sarvas,"Large Frappes - Strawberries & Cream - 3.25, Large Frappes - Strawberries & Cream - 3.25, Regular Latte - 2.15",8.65,CASH,
17/04/2025 10:28,London Greenwich,Jimmie Cascio,"Large Flavoured iced latte - Caramel - 3.25, Large Frappes - Chocolate Cookie - 3.25, Regular Frappes - Chocolate Cookie - 2.75, Large Iced americano - 2.50, Regular Iced americano - 2.15, Regular Flavoured iced latte - Caramel - 2.75",16.65,CARD,3508637876732438
17/04/2025 10:30,London Greenwich,Salvatore Mclaughlin,"Regular Iced americano - 2.15, Regular Flavoured iced latte - Caramel - 2.75, Large Flavoured iced latte - Caramel - 3.25",8.15,CASH,
17/04/2025 10:31,London Greenwich,Linda Boykin,"Large Frappes - Chocolate Cookie - 3.25, Regular Frappes - Chocolate Cookie - 2.75, Regular Iced americano - 2.15",8.15,CARD,8117962354159612
17/04/2025 10:33,London Greenwich,Katheryn Williams,Large Frappes - Strawberries & Cream - 3.25,3.25,CARD,8342645745827848
17/04/2025 10:34,London Greenwich,Gordon Bell,Regular Frappes - Strawberries & Cream - 2.75,2.75,CARD,7127354084035900
17/04/2025 10:35,London Greenwich,Victor Douglas,"Large Frappes - Chocolate Cookie - 3.25, Regular Latte - 2.15, Large Frappes - Chocolate Cookie - 3.25, Regular Iced americano - 2.15, Regular Flavoured iced latte - Caramel - 2.75, Large Latte - 2.45",16.0,CARD,8440017855808651
17/04/2025 10:37,London Greenwich,Alberta Gray,"Regular Latte - 2.15, Large Frappes - Strawberries & Cream - 3.25, Large Latte - 2.45",7.85,CASH,
17/04/2025 10:38,London Greenwich,Paula Harmon,"Large Frappes - Strawberries & Cream - 3.25, Large Flavoured iced latte - Caramel - 3.25, Regular Frappes - Chocolate Cookie - 2.75, Large Iced americano - 2.50",11.75,CASH,
17/04/2025 10:40,London Greenwich,Earl Mcdonald,"Large Frappes - Chocolate Cookie - 3.25, Large Iced americano - 2.50, Regular Frappes - Chocolate Cookie - 2.75",8.5,CASH,
17/04/2025 10:41,London Greenwich,Maria Withem,"Regular Frappes - Chocolate Cookie - 2.75, Large Flavoured iced latte - Caramel - 3.25, Regular Frappes - Chocolate Cookie - 2.75, Regular Frappes - Strawberries & Cream - 2.75, Regular Latte - 2.15",13.65,CASH,
17/04/2025 10:42,London Greenwich,Julia Cote,"Large Flavoured iced latte - Caramel - 3.25, Large Flavoured iced latte - Caramel - 3.25",6.5,CARD,4418239007826874
17/04/2025 10:44,London Greenwich,Eva Tipton,"Regular Iced americano - 2.15, Large Latte - 2.45, Large Iced americano - 2.50",7.1,CASH,
17/04/2025 10:45,London Greenwich,Stephen Heath,Regular Frappes - Strawberries & Cream - 2.75,2.75,CASH,
17/04/2025 10:46,London Greenwich,Kimberly Brooks,Regular Latte - 2.15,2.15,CARD,1067279339494779
17/04/2025 10:48,London Greenwich,Dorothy Hedgespeth,Large Latte - 2.45,2.45,CARD,8871765511752676
17/04/2025 10:49,London Greenwich,Albert Barreto,"Regular Frappes - Chocolate Cookie - 2.75, Regular Flavoured iced latte - Caramel - 2.75, Regular Flavoured iced latte - Caramel - 2.75",8.25,CARD,8269800904699220
17/04/2025 10:51,London Greenwich,Misty Blaski,"Large Iced americano - 2.50, Large Flavoured iced latte - Caramel - 3.25",5.75,CASH,
17/04/2025 10:52,London Greenwich,Lakeisha Salvatore,"Regular Latte - 2.15, Regular Flavoured iced latte - Caramel - 2.75",4.9,CARD,2873313705187193
17/04/2025 10:53,London Greenwich,Jason Craig,"Regular Iced americano - 2.15, Regular Frappes - Chocolate Cookie - 2.75",4.9,CARD,1823361837536237
17/04/2025 10:55,London Greenwich,Glen Puig,"Large Frappes - Chocolate Cookie - 3.25, Regular Flavoured iced latte - Caramel - 2.75, Regular Latte - 2.15",8.15,CASH,
17/04/2025 10:56,London Greenwich,Robert Kilroy,"Regular Iced americano - 2.15, Large Frappes - Chocolate Cookie - 3.25",5.4,CARD,6348803839378426
17/04/2025 10:58,London Greenwich,David Wood,"Regular Flavoured iced latte - Caramel - 2.75, Large Flavoured iced latte - Caramel - 3.25",6.0,CARD,8053701413164385
17/04/2025 10:59,London Greenwich,Gerald Mosher,"Large Flavoured iced latte - Caramel - 3.25, Large Latte - 2.45, Large Frappes - Strawberries & Cream - 3.25, Large Latte - 2.45",11.4,CARD,1662960526330782
17/04/2025 11:00,London Greenwich,Richard Rager,"Regular Frappes - Strawberries & Cream - 2.75, Large Flavoured iced latte - Caramel - 3.25",6.0,CARD,4066852380217861
17/04/2025 11:02,London Greenwich,Cindy Johnson,"Large Latte - 2.45, Regular Flavoured iced latte - Caramel - 2.75, Regular Flavoured iced latte - Caramel - 2.75, Regular Frappes - Chocolate Cookie - 2.75",10.7,CARD,5251878852419485
17/04/2025 11:04,London Greenwich,Joseph Cantrell,"Regular Frappes - Strawberries & Cream - 2.75, Regular Latte - 2.15",4.9,CARD,9933208849658700
17/04/2025 11:06,London Greenwich,Grace Taylor,"Large Flavoured iced latte - Caramel - 3.25, Large Iced americano - 2.50",5.75,CARD,4848104134849395
17/04/2025 11:08,London Greenwich,Darlene Starnes,"Large Latte - 2.45, Large Latte - 2.45",4.9,CASH,
17/04/2025 11:09,London Greenwich,Theresa Weber,"Regular Frappes - Strawberries & Cream - 2.75, Large Frappes - Chocolate Cookie - 3.25, Large Iced americano - 2.50",8.5,CARD,2983346852476311
17/04/2025 11:11,London Greenwich,Nichole Read,Regular Flavoured iced latte - Caramel - 2.75,2.75,CARD,3694442547913654
17/04/2025 11:13,London Greenwich,Bessie Anderson,Regular Flavoured iced latte - Caramel - 2.75,2.75,CARD,4476368962757266
17/04/2025 11:15,London Greenwich,William Broussard,"Large Iced americano - 2.50, Large Iced americano - 2.50, Regular Frappes - Strawberries & Cream - 2.75",7.75,CARD,9162326271058216
17/04/2025 11:17,London Greenwich,Lisa Keogh,Regular Flavoured iced latte - Caramel - 2.75,2.75,CASH,
17/04/2025 11:18,London Greenwich,Rosalinda Pollack,"Regular Frappes - Chocolate Cookie - 2.75, Large Flavoured iced latte - Caramel - 3.25",6.0,CARD,1862967137437637
17/04/2025 11:20,London Greenwich,Harry Diekmann,"Large Flavoured iced latte - Caramel - 3.25, Large Latte - 2.45, Regular Flavoured iced latte - Caramel - 2.75, Large Flavoured iced latte - Caramel - 3.25, Large Frappes - Strawberries & Cream - 3.25, Regular Frappes - Chocolate Cookie - 2.75",17.7,CARD,5937066881971250
17/04/2025 11:22,London Greenwich,Verna Dimuzio,Large Latte - 2.45,2.45,CARD,7400867524142315
17/04/2025 11:24,London Greenwich,David Alonzo,"Large Frappes - Strawberries & Cream - 3.25, Regular Frappes - Chocolate Cookie - 2.75, Large Frappes - Chocolate Cookie - 3.25, Large Flavoured iced latte - Caramel - 3.25, Large Flavoured iced latte - Caramel - 3.25",15.75,CARD,7183936194287608
17/04/2025 11:26,London Greenwich,Lance Medina,"Regular Frappes - Strawberries & Cream - 2.75, Large Latte - 2.45, Regular Flavoured iced latte - Caramel - 2.75, Large Flavoured iced latte - Caramel - 3.25",11.2,CARD,6457349399964484
17/04/2025 11:28,London Greenwich,Pat Collister,"Regular Flavoured iced latte - Caramel - 2.75, Large Flavoured iced latte - Caramel - 3.25, Large Frappes - Strawberries & Cream - 3.25, Large Latte - 2.45, Regular Iced americano - 2.15, Large Frappes - Strawberries & Cream - 3.25",17.1,CARD,2631850043508097
17/04/2025 11:29,London Greenwich,Alan Spoon,Large Iced americano - 2.50,2.5,CASH,
17/04/2025 11:31,London Greenwich,Robert Hartman,"Large Frappes - Strawberries & Cream - 3.25, Large Flavoured iced latte - Caramel - 3.25, Regular Latte - 2.15, Regular Latte - 2.15, Regular Latte - 2.15",12.95,CARD,9279604839612973
17/04/2025 11:33,London Greenwich,James Copeland,"Regular Iced americano - 2.15, Large Latte - 2.45",4.6,CARD,4977922291638166
17/04/2025 11:35,London Greenwich,Yuki Bodin,"Large Frappes - Strawberries & Cream - 3.25, Regular Frappes - Strawberries & Cream - 2.75, Regular Latte - 2.15",8.15,CARD,9945345261579061
17/04/2025 11:37,London Greenwich,Carson Holtrop,"Regular Frappes - Chocolate Cookie - 2.75, Large Flavoured iced latte - Caramel - 3.25, Regular Latte - 2.15",8.15,CARD,6861313021999539
17/04/2025 11:38,London Greenwich,Aldo Staggs,"Regular Flavoured iced latte - Caramel - 2.75, Large Latte - 2.45, Regular Frappes - Strawberries & Cream - 2.75, Large Frappes - Chocolate Cookie - 3.25",11.2,CARD,4828229836384782
17/04/2025 11:40,London Greenwich,John Mccallum,Large Flavoured iced latte - Caramel - 3.25,3.25,CASH,
17/04/2025 11:42,London Greenwich,Michael Hutchings,Large Flavoured iced latte - Caramel - 3.25,3.25,CASH,
17/04/2025 11:44,London Greenwich,Tiffany Chevez,"Regular Flavoured iced latte - Caramel - 2.75, Regular Iced americano - 2.15",4.9,CARD,3540930906717558
17/04/2025 11:46,London Greenwich,Idella Cornely,"Large Frappes - Chocolate Cookie - 3.25, Regular Iced americano - 2.15",5.4,CARD,6009686812423461
17/04/2025 11:48,London Greenwich,Forrest Foronda,"Regular Frappes - Chocolate Cookie - 2.75, Regular Flavoured iced latte - Caramel - 2.75, Large Frappes - Chocolate Cookie - 3.25, Large Latte - 2.45, Regular Frappes - Strawberries & Cream - 2.75",13.95,CARD,2096664836069355
17/04/2025 11:49,London Greenwich,Jennifer Kiner,"Large Iced americano - 2.50, Regular Iced americano - 2.15, Large Iced americano - 2.50",7.15,CARD,8575981432554976
17/04/2025 11:51,London Greenwich,Rebbecca Miller,"Large Frappes - Strawberries & Cream - 3.25, Regular Latte - 2.15, Large Iced americano - 2.50",7.9,CASH,
17/04/2025 11:53,London Greenwich,Sofia Cernota,"Large Frappes - Chocolate Cookie - 3.25, Large Latte - 2.45, Large Flavoured iced latte - Caramel - 3.25",8.95,CARD,6534845558769072
17/04/2025 11:55,London Greenwich,Michelle Ford,"Regular Latte - 2.15, Large Latte - 2.45, Regular Frappes - Chocolate Cookie - 2.75, Regular Iced americano - 2.15, Regular Flavoured iced latte - Caramel - 2.75, Large Frappes - Chocolate Cookie - 3.25",15.5,CARD,3725304440428047
17/04/2025 11:57,London Greenwich,Robert Anderson,"Regular Frappes - Strawberries & Cream - 2.75, Large Latte - 2.45, Regular Frappes - Strawberries & Cream - 2.75",7.95,CASH,
17/04/2025 11:58,London Greenwich,James Piccoli,Large Latte - 2.45,2.45,CASH,
17/04/2025 12:00,London Greenwich,Kathy Valentin,"Regular Frappes - Chocolate Cookie - 2.75, Regular Latte - 2.15, Large Frappes - Strawberries & Cream - 3.25, Large Iced americano - 2.50, Regular Frappes - Strawberries & Cream - 2.75",13.4,CARD,2102571586322514
17/04/2025 12:02,London Greenwich,Shaun Chaparro,Large Flavoured iced latte - Caramel - 3.25,3.25,CASH,
17/04/2025 12:05,London Greenwich,James Bilsborough,"Regular Iced americano - 2.15, Regular Flavoured iced latte - Caramel - 2.75",4.9,CASH,
17/04/2025 12:07,London Greenwich,Lora Palmer,Large Latte - 2.45,2.45,CARD,2089666722960816
17/04/2025 12:09,London Greenwich,Marvin Bynum,"Large Latte - 2.45, Regular Frappes - Strawberries & Cream - 2.75",5.2,CASH,
17/04/2025 12:11,London Greenwich,Charles Gochenour,"Regular Iced americano - 2.15, Large Latte - 2.45",4.6,CASH,
17/04/2025 12:14,London Greenwich,Adam Maymon,"Large Flavoured iced latte - Caramel - 3.25, Large Latte - 2.45, Large Frappes - Strawberries & Cream - 3.25",8.95,CASH,
17/04/2025 12:16,London Greenwich,Richard Baudoin,"Large Flavoured iced latte - Caramel - 3.25, Large Flavoured iced latte - Caramel - 3.25, Regular Latte - 2.15",8.65,CARD,6273690780983989
17/04/2025 12:18,London Greenwich,Ann Larkin,"Regular Flavoured iced latte - Caramel - 2.75, Regular Flavoured iced latte - Caramel - 2.75",5.5,CASH,
17/04/2025 12:20,London Greenwich,Reba Pena,Regular Frappes - Chocolate Cookie - 2.75,2.75,CASH,
17/04/2025 12:22,London Greenwich,Charlotte Ratcliff,"Large Flavoured iced latte - Caramel - 3.25, Large Latte - 2.45",5.7,CARD,6968590175053843
17/04/2025 12:25,London Greenwich,Jessica Stewart,"Regular Frappes - Chocolate Cookie - 2.75, Regular Iced americano - 2.15",4.9,CARD,1803709114053785
17/04/2025 12:27,London Greenwich,Regina Reynolds,"Large Frappes - Chocolate Cookie - 3.25, Regular Latte - 2.15",5.4,CARD,1700619603675472
17/04/2025 12:29,London Greenwich,Dorothy Thomas,"Large Latte - 2.45, Large Flavoured iced latte - Caramel - 3.25, Large Iced americano - 2.50, Large Flavoured iced latte - Caramel - 3.25",11.45,CARD,9940739714435720
17/04/2025 12:31,London Greenwich,Melissa Berber,Regular Frappes - Chocolate Cookie - 2.75,2.75,CARD,5399950310849595
17/04/2025 12:34,London Greenwich,Brian Matte,Large Frappes - Strawberries & Cream - 3.25,3.25,CARD,2588518374946061
17/04/2025 12:36,London Greenwich,Cory Barry,Large Flavoured iced latte - Caramel - 3.25,3.25,CARD,2937864745294382
17/04/2025 12:38,London Greenwich,James Bermeo,"Large Flavoured iced latte - Caramel - 3.25, Regular Frappes - Chocolate Cookie - 2.75",6.0,CARD,5093083872195601
17/04/2025 12:40,London Greenwich,Jose Dyer,"Large Latte - 2.45, Large Frappes - Strawberries & Cream - 3.25",5.7,CARD,6094274944938619
17/04/2025 12:42,London Greenwich,Donald Caudill,"Large Flavoured iced latte - Caramel - 3.25, Regular Flavoured iced latte - Caramel - 2.75",6.0,CARD,7508081896034376
17/04/2025 12:45,London Greenwich,Amanda Moran,"Large Frappes - Chocolate Cookie - 3.25, Large Latte - 2.45",5.7,CASH,
17/04/2025 12:47,London Greenwich,Margaret Walker,"Regular Frappes - Strawberries & Cream - 2.75, Regular Latte - 2.15, Regular Flavoured iced latte - Caramel - 2.75",7.65,CARD,5032428269311922
17/04/2025 12:49,London Greenwich,Nathaniel Tucker,"Regular Flavoured iced latte - Caramel - 2.75, Regular Latte - 2.15",4.9,CASH,
17/04/2025 12:51,London Greenwich,Ann Tran,"Large Latte - 2.45, Regular Frappes - Chocolate Cookie - 2.75, Regular Iced americano - 2.15",7.35,CARD,1225559544184971
17/04/2025 12:53,London Greenwich,Earl Johnston,Regular Flavoured iced latte - Caramel - 2.75,2.75,CASH,
17/04/2025 12:56,London Greenwich,Derek Gross,"Regular Frappes - Chocolate Cookie - 2.75, Large Iced americano - 2.50, Large Frappes - Strawberries & Cream - 3.25, Regular Frappes - Chocolate Cookie - 2.75",11.25,CARD,3614568405964098
17/04/2025 12:58,London Greenwich,Stephan Glaab,"Regular Flavoured iced latte - Caramel - 2.75, Regular Latte - 2.15, Large Latte - 2.45, Large Frappes - Strawberries & Cream - 3.25",10.6,CASH,
17/04/2025 13:00,London Greenwich,Emily Madden,Large Iced americano - 2.50,2.5,CARD,9355207701905397
17/04/2025 13:01,London Greenwich,Gregory Scruggs,"Regular Frappes - Strawberries & Cream - 2.75, Regular Flavoured iced latte - Caramel - 2.75",5.5,CARD,8228214309332939
17/04/2025 13:02,London Greenwich,Christopher Greenway,Regular Flavoured iced latte - Caramel - 2.75,2.75,CASH,
17/04/2025 13:03,London Greenwich,Joy Fern,"Large Latte - 2.45, Regular Iced americano - 2.15",4.6,CASH,
17/04/2025 13:04,London Greenwich,Yvonne Cardona,"Regular Iced americano - 2.15, Regular Iced americano - 2.15, Regular Latte - 2.15",6.45,CARD,7765217955655165
17/04/2025 13:05,London Greenwich,James Ray,Regular Frappes - Strawberries & Cream - 2.75,2.75,CASH,
17/04/2025 13:06,London Greenwich,Barbara Sterling,"Regular Frappes - Strawberries & Cream - 2.75, Large Iced americano - 2.50",5.25,CARD,5495926508760039
17/04/2025 13:07,London Greenwich,Grace Barker,Large Frappes - Chocolate Cookie - 3.25,3.25,CARD,8443051117948939
17/04/2025 13:08,London Greenwich,Robert Anderson,"Large Iced americano - 2.50, Large Frappes - Chocolate Cookie - 3.25",5.75,CASH,
17/04/2025 13:09,London Greenwich,Corine Madison,"Large Frappes - Chocolate Cookie - 3.25, Large Latte - 2.45, Large Latte - 2.45, Regular Frappes - Chocolate Cookie - 2.75, Large Frappes - Chocolate Cookie - 3.25",14.15,CARD,2802491835223201
17/04/2025 13:10,London Greenwich,Karen Perris,"Large Frappes - Strawberries & Cream - 3.25, Large Frappes - Strawberries & Cream - 3.25, Regular Latte - 2.15, Regular Iced americano - 2.15",10.8,CARD,6676791787629437
17/04/2025 13:11,London Greenwich,Timothy Simmon,"Regular Latte - 2.15, Regular Flavoured iced latte - Caramel - 2.75, Large Latte - 2.45",7.35,CARD,5713846054951441
17/04/2025 13:12,London Greenwich,William Peterson,Large Latte - 2.45,2.45,CARD,2604228787259096
17/04/2025 13:12,London Greenwich,Catalina Welch,Large Flavoured iced latte - Caramel - 3.25,3.25,CASH,
17/04/2025 13:13,London Greenwich,Olin Harper,"Regular Flavoured iced latte - Caramel - 2.75, Regular Frappes - Strawberries & Cream - 2.75, Large Frappes - Strawberries & Cream - 3.25, Large Latte - 2.45, Regular Frappes - Strawberries & Cream - 2.75",13.95,CARD,1971976977688511
17/04/2025 13:14,London Greenwich,Sandra Kimrey,"Regular Iced americano - 2.15, Regular Frappes - Strawberries & Cream - 2.75",4.9,CARD,1226239334185370
17/04/2025 13:15,London Greenwich,Trudy Damour,"Regular Frappes - Strawberries & Cream - 2.75, Large Iced americano - 2.50",5.25,CASH,
17/04/2025 13:16,London Greenwich,James Jones,Large Flavoured iced latte - Caramel - 3.25,3.25,CARD,2243820078862632
17/04/2025 13:17,London Greenwich,Wilma Rice,"Large Frappes - Strawberries & Cream - 3.25, Large Iced americano - 2.50, Large Frappes - Strawberries & Cream - 3.25, Regular Iced americano - 2.15",11.15,CARD,5068712184971213
17/04/2025 13:18,London Greenwich,Eric Cser,Regular Frappes - Strawberries & Cream - 2.75,2.75,CARD,9857360676531882
17/04/2025 13:19,London Greenwich,Tony Neel,"Large Frappes - Chocolate Cookie - 3.25, Regular Flavoured iced latte - Caramel - 2.75, Large Frappes - Chocolate Cookie - 3.25, Regular Flavoured iced latte - Caramel - 2.75, Regular Iced americano - 2.15, Large Frappes - Chocolate Cookie - 3.25",17.4,CARD,2211606747451459
17/04/2025 13:20,London Greenwich,Jill Dinsmore,Large Frappes - Strawberries & Cream - 3.25,3.25,CARD,6564830341985939
17/04/2025 13:21,London Greenwich,Debra Hester,"Regular Frappes - Chocolate Cookie - 2.75, Large Latte - 2.45",5.2,CARD,1773652032034532
17/04/2025 13:22,London Greenwich,Theodore Benham,"Regular Iced americano - 2.15, Large Flavoured iced latte - Caramel - 3.25",5.4,CARD,4884248543468223
17/04/2025 13:23,London Greenwich,Evangelina White,"Regular Frappes - Strawberries & Cream - 2.75, Large Frappes - Strawberries & Cream - 3.25, Regular Iced americano - 2.15, Large Flavoured iced latte - Caramel - 3.25",11.4,CASH,
17/04/2025 13:24,London Greenwich,Donald Teruel,"Large Flavoured iced latte - Caramel - 3.25, Regular Iced americano - 2.15, Large Frappes - Strawberries & Cream - 3.25, Regular Latte - 2.15",10.8,CASH,
17/04/2025 13:25,London Greenwich,Deborah Law,"Regular Iced americano - 2.15, Regular Flavoured iced latte - Caramel - 2.75, Large Frappes - Chocolate Cookie - 3.25, Large Iced americano - 2.50, Regular Flavoured iced latte - Caramel - 2.75",13.4,CARD,1938258629194938
17/04/2025 13:26,London Greenwich,Leticia Aniello,"Regular Frappes - Strawberries & Cream - 2.75, Regular Frappes - Chocolate Cookie - 2.75, Regular Flavoured iced latte - Caramel - 2.75, Large Frappes - Strawberries & Cream - 3.25, Large Frappes - Strawberries & Cream - 3.25",14.75,CASH,
17/04/2025 13:27,London Greenwich,Brent Mcdonald,"Regular Flavoured iced latte - Caramel - 2.75, Regular Flavoured iced latte - Caramel - 2.75",5.5,CASH,
17/04/2025 13:28,London Greenwich,Paul Lucas,"Regular Frappes - Strawberries & Cream - 2.75, Regular Frappes - Chocolate Cookie - 2.75, Large Latte - 2.45, Regular Frappes - Strawberries & Cream - 2.75, Large Frappes - Chocolate Cookie - 3.25, Regular Flavoured iced latte - Caramel - 2.75",16.7,CARD,6781112874513552
17/04/2025 13:29,London Greenwich,Ralph Schmidt,Large Frappes - Strawberries & Cream - 3.25,3.25,CARD,5662120525904234
17/04/2025 13:30,London Greenwich,Vanessa Spellman,"Regular Flavoured iced latte - Caramel - 2.75, Regular Frappes - Strawberries & Cream - 2.75",5.5,CASH,
17/04/2025 13:31,London Greenwich,Christopher Stagg,"Regular Flavoured iced latte - Caramel - 2.75, Large Latte - 2.45",5.2,CASH,
17/04/2025 13:31,London Greenwich,Julius Wheeler,"Regular Flavoured iced latte - Caramel - 2.75, Large Frappes - Chocolate Cookie - 3.25",6.0,CARD,8954722116210529
17/04/2025 13:32,London Greenwich,Claude Hooten,"Regular Latte - 2.15, Regular Iced americano - 2.15",4.3,CARD,2419890937104209
17/04/2025 13:33,London Greenwich,Kenneth Velazquez,"Large Frappes - Chocolate Cookie - 3.25, Regular Flavoured iced latte - Caramel - 2.75, Regular Frappes - Strawberries & Cream - 2.75, Large Iced americano - 2.50, Regular Iced americano - 2.15",13.4,CARD,2131635219340129
17/04/2025 13:34,London Greenwich,Larry Evans,Large Latte - 2.45,2.45,CARD,1507211112535561
17/04/2025 13:35,London Greenwich,William Hough,"Large Frappes - Strawberries & Cream - 3.25, Regular Frappes - Strawberries & Cream - 2.75, Regular Frappes - Strawberries & Cream - 2.75",8.75,CARD,1998360850550243
17/04/2025 13:36,London Greenwich,Edward Hayden,"Large Frappes - Strawberries & Cream - 3.25, Large Flavoured iced latte - Caramel - 3.25, Regular Frappes - Strawberries & Cream - 2.75, Regular Iced americano - 2.15, Large Iced americano - 2.50",13.9,CARD,9847750594784103
17/04/2025 13:37,London Greenwich,Rachel Valenzuela,"Large Iced americano - 2.50, Large Latte - 2.45, Regular Latte - 2.15, Large Flavoured iced latte - Caramel - 3.25",10.35,CASH,
17/04/2025 13:38,London Greenwich,Florence Davis,"Large Flavoured iced latte - Caramel - 3.25, Regular Latte - 2.15, Large Flavoured iced latte - Caramel - 3.25",8.65,CASH,
17/04/2025 13:39,London Greenwich,Charles Varghese,Regular Frappes - Strawberries & Cream - 2.75,2.75,CARD,7551688741561863
17/04/2025 13:40,London Greenwich,Debbie Mcintyre,"Large Frappes - Chocolate Cookie - 3.25, Large Flavoured iced latte - Caramel - 3.25",6.5,CASH,
17/04/2025 13:41,London Greenwich,Ricardo Gonzales,"Regular Latte - 2.15, Large Flavoured iced latte - Caramel - 3.25, Large Iced americano - 2.50",7.9,CARD,7596937772389418
17/04/2025 13:42,London Greenwich,David Mcdowell,"Regular Frappes - Strawberries & Cream - 2.75, Large Flavoured iced latte - Caramel - 3.25, Large Frappes - Chocolate Cookie - 3.25",9.25,CARD,1393746320520603
17/04/2025 13:43,London Greenwich,Barbara Saver,"Regular Flavoured iced latte - Caramel - 2.75, Regular Flavoured iced latte - Caramel - 2.75, Regular Latte - 2.15, Large Frappes - Chocolate Cookie - 3.25",10.9,CARD,6782835781036444
17/04/2025 13:44,London Greenwich,Wayne Love,"Large Flavoured iced latte - Caramel - 3.25, Large Flavoured iced latte - Caramel - 3.25",6.5,CARD,5729885298508645
17/04/2025 13:45,London Greenwich,Ricardo Alderman,"Large Iced americano - 2.50, Regular Latte - 2.15, Regular Flavoured iced latte - Caramel - 2.75, Large Flavoured iced latte - Caramel - 3.25",10.65,CARD,1515369046429530
17/04/2025 13:46,London Greenwich,Robert Angelilli,"Large Flavoured iced latte - Caramel - 3.25, Large Flavoured iced latte - Caramel - 3.25, Large Iced americano - 2.50",9.0,CARD,6457110795502486
17/04/2025 13:47,London Greenwich,Enola Reynolds,"Regular Flavoured iced latte - Caramel - 2.75, Regular Latte - 2.15",4.9,CARD,2306012545731188
17/04/2025 13:48,London Greenwich,Delbert Fobes,Regular Latte - 2.15,2.15,CARD,3479255020174931
17/04/2025 13:49,London Greenwich,Sheena Daniel,"Large Flavoured iced latte - Caramel - 3.25, Large Flavoured iced latte - Caramel - 3.25",6.5,CARD,7506963901521125
17/04/2025 13:50,London Greenwich,Grace Wilkowitz,"Large Iced americano - 2.50, Regular Flavoured iced latte - Caramel - 2.75",5.25,CASH,
17/04/2025 13:50,London Greenwich,Belinda Cox,"Regular Flavoured iced latte - Caramel - 2.75, Regular Latte - 2.15",4.9,CASH,
17/04/2025 13:51,London Greenwich,Paul Cosper,"Large Frappes - Chocolate Cookie - 3.25, Regular Frappes - Chocolate Cookie - 2.75, Large Flavoured iced latte - Caramel - 3.25",9.25,CARD,9543204832012832
17/04/2025 13:52,London Greenwich,Vincent Mims,Large Frappes - Strawberries & Cream - 3.25,3.25,CARD,7401420830728965
17/04/2025 13:53,London Greenwich,Sheridan Miller,Regular Frappes - Strawberries & Cream - 2.75,2.75,CARD,3367334591419388
17/04/2025 13:54,London Greenwich,Carrie Silvis,"Large Frappes - Strawberries & Cream - 3.25, Large Frappes - Chocolate Cookie - 3.25, Regular Frappes - Chocolate Cookie - 2.75, Large Iced americano - 2.50",11.75,CARD,3253329005426836
17/04/2025 13:55,London Greenwich,James Harbin,"Large Flavoured iced latte - Caramel - 3.25, Large Frappes - Strawberries & Cream - 3.25, Large Latte - 2.45, Large Flavoured iced latte - Caramel - 3.25, Large Latte - 2.45",14.65,CASH,
17/04/2025 13:56,London Greenwich,Laurie Nyquist,Large Iced americano - 2.50,2.5,CASH,
17/04/2025 13:57,London Greenwich,Frances Ellison,"Large Flavoured iced latte - Caramel - 3.25, Regular Iced americano - 2.15",5.4,CARD,5235356636581622
17/04/2025 13:58,London Greenwich,Barbara Dingle,"Regular Frappes - Strawberries & Cream - 2.75, Large Frappes - Chocolate Cookie - 3.25, Regular Latte - 2.15, Regular Flavoured iced latte - Caramel - 2.75, Regular Flavoured iced latte - Caramel - 2.75",13.65,CASH,
17/04/2025 13:59,London Greenwich,Curtis William,"Large Frappes - Chocolate Cookie - 3.25, Large Frappes - Strawberries & Cream - 3.25, Regular Iced americano - 2.15",8.65,CARD,7535732008034254
17/04/2025 14:00,London Greenwich,Robert Cardona,Large Iced americano - 2.50,2.5,CARD,6234803187635996
17/04/2025 14:01,London Greenwich,Manuel Sheats,"Regular Iced americano - 2.15, Large Iced americano - 2.50, Regular Frappes - Chocolate Cookie - 2.75, Regular Frappes - Chocolate Cookie - 2.75",10.15,CARD,7193358108485141
17/04/2025 14:02,London Greenwich,Scott Maertz,"Regular Flavoured iced latte - Caramel - 2.75, Regular Iced americano - 2.15, Large Latte - 2.45",7.35,CARD,1694640041369735
17/04/2025 14:03,London Greenwich,Stephanie Ingber,"Large Latte - 2.45, Regular Latte - 2.15, Large Iced americano - 2.50, Large Iced americano - 2.50, Large Latte - 2.45, Regular Frappes - Strawberries & Cream - 2.75",14.8,CASH,
17/04/2025 14:04,London Greenwich,Sue Raya,"Regular Iced americano - 2.15, Regular Frappes - Strawberries & Cream - 2.75",4.9,CARD,4281891549019399
17/04/2025 14:05,London Greenwich,Joe Ehrlich,Regular Latte - 2.15,2.15,CASH,
17/04/2025 14:06,London Greenwich,Mathew Beck,Large Frappes - Strawberries & Cream - 3.25,3.25,CASH,
17/04/2025 14:07,London Greenwich,Terence Pringle,"Large Frappes - Strawberries & Cream - 3.25, Regular Iced americano - 2.15, Large Flavoured iced latte - Caramel - 3.25, Large Frappes - Chocolate Cookie - 3.25",11.9,CARD,3038828151341287
17/04/2025 14:08,London Greenwich,John Michel,"Large Frappes - Chocolate Cookie - 3.25, Large Frappes - Strawberries & Cream - 3.25, Large Frappes - Strawberries & Cream - 3.25, Regular Iced americano - 2.15, Regular Frappes - Strawberries & Cream - 2.75, Large Flavoured iced latte - Caramel - 3.25",17.9,CASH,
17/04/2025 14:09,London Greenwich,Audrey Robinson,"Regular Frappes - Chocolate Cookie - 2.75, Large Frappes - Chocolate Cookie - 3.25",6.0,CARD,3621664081002989
17/04/2025 14:09,London Greenwich,Krystin Jett,Regular Iced americano - 2.15,2.15,CASH,
17/04/2025 14:10,London Greenwich,Antonia Johnson,Large Flavoured iced latte - Caramel - 3.25,3.25,CARD,1633384355551038
17/04/2025 14:11,London Greenwich,Brenda Kratzer,"Regular Flavoured iced latte - Caramel - 2.75, Regular Flavoured iced latte - Caramel - 2.75, Large Frappes - Strawberries & Cream - 3.25, Large Latte - 2.45",11.2,CARD,7156767408885492
17/04/2025 14:12,London Greenwich,Christina Broussard,"Large Iced americano - 2.50, Large Iced americano - 2.50, Regular Flavoured iced latte - Caramel - 2.75, Large Frappes - Chocolate Cookie - 3.25",11.0,CASH,
17/04/2025 14:13,London Greenwich,Debbie Harmon,"Large Frappes - Chocolate Cookie - 3.25, Regular Frappes - Chocolate Cookie - 2.75, Regular Latte - 2.15, Large Latte - 2.45",10.6,CARD,7527584640188738
17/04/2025 14:14,London Greenwich,Jennifer Steele,"Large Frappes - Strawberries & Cream - 3.25, Large Iced americano - 2.50, Regular Frappes - Strawberries & Cream - 2.75",8.5,CARD,8572857416471000
17/04/2025 14:15,London Greenwich,Brandi Scott,"Regular Latte - 2.15, Large Flavoured iced latte - Caramel - 3.25, Large Frappes - Chocolate Cookie - 3.25",8.65,CASH,
17/04/2025 14:16,London Greenwich,Pamela Bojorquez,"Regular Flavoured iced latte - Caramel - 2.75, Large Flavoured iced latte - Caramel - 3.25",6.0,CARD,3448969911661861
17/04/2025 14:17,London Greenwich,Della Brune,"Large Iced americano - 2.50, Large Flavoured iced latte - Caramel - 3.25, Regular Flavoured iced latte - Caramel - 2.75, Regular Flavoured iced latte - Caramel - 2.75",11.25,CARD,3670527649519058
17/04/2025 14:18,London Greenwich,Shirley Estep,"Regular Flavoured iced latte - Caramel - 2.75, Regular Flavoured iced latte - Caramel - 2.75",5.5,CASH,
17/04/2025 14:19,London Greenwich,Lucinda Morris,Regular Iced americano - 2.15,2.15,CARD,4651386036753046
17/04/2025 14:20,London Greenwich,Leigha Norton,"Regular Latte - 2.15, Regular Iced americano - 2.15, Large Frappes - Strawberries & Cream - 3.25, Large Frappes - Chocolate Cookie - 3.25",10.8,CARD,5239683160787015
17/04/2025 14:21,London Greenwich,Walter Whitehead,"Regular Frappes - Chocolate Cookie - 2.75, Regular Latte - 2.15",4.9,CARD,1905730248350884
17/04/2025 14:22,London Greenwich,Sarah Flores,"Large Iced americano - 2.50, Regular Frappes - Strawberries & Cream - 2.75",5.25,CARD,5113626211685871
17/04/2025 14:23,London Greenwich,Charles Meritt,"Large Flavoured iced latte - Caramel - 3.25, Large Frappes - Strawberries & Cream - 3.25, Large Flavoured iced latte - Caramel - 3.25",9.75,CARD,3367936671336449
17/04/2025 14:24,London Greenwich,Angela Southerland,"Regular Frappes - Strawberries & Cream - 2.75, Regular Flavoured iced latte - Caramel - 2.75, Regular Latte - 2.15, Large Iced americano - 2.50, Regular Frappes - Strawberries & Cream - 2.75",12.9,CASH,
17/04/2025 14:25,London Greenwich,Russell Lopez,"Large Flavoured iced latte - Caramel - 3.25, Large Frappes - Chocolate Cookie - 3.25, Large Flavoured iced latte - Caramel - 3.25, Large Frappes - Strawberries & Cream - 3.25, Regular Latte - 2.15, Large Flavoured iced latte - Caramel - 3.25",18.4,CASH,
17/04/2025 14:26,London Greenwich,Bruce Creekmur,"Regular Latte - 2.15, Large Flavoured iced latte - Caramel - 3.25, Regular Frappes - Chocolate Cookie - 2.75, Large Frappes - Strawberries & Cream - 3.25, Regular Frappes - Strawberries & Cream - 2.75, Regular Flavoured iced latte - Caramel - 2.75",16.9,CARD,7275269449558109
17/04/2025 14:27,London Greenwich,Richard Mccarthy,"Large Latte - 2.45, Large Frappes - Strawberries & Cream - 3.25, Large Frappes - Chocolate Cookie - 3.25, Regular Iced americano - 2.15, Large Frappes - Chocolate Cookie - 3.25, Large Latte - 2.45",16.8,CASH,
17/04/2025 14:28,London Greenwich,Anthony Lassiter,"Regular Iced americano - 2.15, Regular Latte - 2.15",4.3,CASH,
17/04/2025 14:28,London Greenwich,Stephen Allen,"Regular Iced americano - 2.15, Large Frappes - Strawberries & Cream - 3.25",5.4,CARD,1070150972809597
17/04/2025 14:29,London Greenwich,Kathy Fowler,"Regular Frappes - Strawberries & Cream - 2.75, Regular Latte - 2.15",4.9,CASH,
17/04/2025 14:30,London Greenwich,April Brown,"Regular Frappes - Strawberries & Cream - 2.75, Large Flavoured iced latte - Caramel - 3.25",6.0,CASH,
17/04/2025 14:31,London Greenwich,Billie Hernande,Regular Flavoured iced latte - Caramel - 2.75,2.75,CARD,2398075855754606
17/04/2025 14:32,London Greenwich,Marcus Richey,"Large Flavoured iced latte - Caramel - 3.25, Regular Flavoured iced latte - Caramel - 2.75, Large Frappes - Chocolate Cookie - 3.25, Regular Flavoured iced latte - Caramel - 2.75",12.0,CARD,1687907120268814
17/04/2025 14:33,London Greenwich,Jack Westin,"Large Flavoured iced latte - Caramel - 3.25, Regular Flavoured iced latte - Caramel - 2.75, Regular Latte - 2.15, Regular Frappes - Strawberries & Cream - 2.75, Regular Frappes - Chocolate Cookie - 2.75",13.65,CARD,5013724139448771
17/04/2025 14:34,London Greenwich,Mary Shepherd,"Regular Frappes - Strawberries & Cream - 2.75, Regular Iced americano - 2.15, Large Latte - 2.45",7.35,CASH,
17/04/2025 14:35,London Greenwich,Jack Cartright,"Large Flavoured iced latte - Caramel - 3.25, Large Flavoured iced latte - Caramel - 3.25, Regular Iced americano - 2.15",8.65,CARD,1867557917710727
17/04/2025 14:36,London Greenwich,Alfred Harter,"Large Frappes - Chocolate Cookie - 3.25, Regular Frappes - Strawberries & Cream - 2.75, Regular Iced americano - 2.15, Regular Flavoured iced latte - Caramel - 2.75",10.9,CARD,6848466659618162
17/04/2025 14:37,London Greenwich,Theresa Frazier,Large Iced americano - 2.50,2.5,CARD,8193500489689755
17/04/2025 14:38,London Greenwich,Jorge Gallion,"Regular Flavoured iced latte - Caramel - 2.75, Large Iced americano - 2.50, Large Latte - 2.45",7.7,CARD,5884852179482619
17/04/2025 14:39,London Greenwich,Ricardo Koll,"Regular Flavoured iced latte - Caramel - 2.75, Regular Frappes - Strawberries & Cream - 2.75",5.5,CASH,
17/04/2025 14:40,London Greenwich,Brenda Paquette,"Regular Frappes - Strawberries & Cream - 2.75, Regular Frappes - Strawberries & Cream - 2.75",5.5,CARD,2098477674499830
17/04/2025 14:41,London Greenwich,Wanda Chen,"Regular Flavoured iced latte - Caramel - 2.75, Large Flavoured iced latte - Caramel - 3.25",6.0,CARD,3769405081417614
17/04/2025 14:42,London Greenwich,Craig Good,"Regular Latte - 2.15, Regular Latte - 2.15, Large Latte - 2.45, Regular Latte - 2.15",8.9,CARD,4581762959889140
17/04/2025 14:43,London Greenwich,Yolanda Havercroft,"Regular Flavoured iced latte - Caramel - 2.75, Regular Frappes - Strawberries & Cream - 2.75, Large Latte - 2.45, Regular Iced americano - 2.15",10.1,CARD,6837681130093764
17/04/2025 14:44,London Greenwich,Vincent Wixon,"Regular Frappes - Strawberries & Cream - 2.75, Regular Flavoured iced latte - Caramel - 2.75, Regular Frappes - Strawberries & Cream - 2.75, Regular Frappes - Strawberries & Cream - 2.75",11.0,CASH,
17/04/2025 14:45,London Greenwich,Dinah Hughes,"Regular Frappes - Chocolate Cookie - 2.75, Regular Frappes - Chocolate Cookie - 2.75, Large Frappes - Strawberries & Cream - 3.25, Regular Flavoured iced latte - Caramel - 2.75, Large Frappes - Strawberries & Cream - 3.25, Large Iced americano - 2.50",17.25,CARD,2103811205982130
17/04/2025 14:46,London Greenwich,John Salizar,"Regular Iced americano - 2.15, Regular Iced americano - 2.15",4.3,CARD,1970772832819748
17/04/2025 14:47,London Greenwich,Salvador Buck,"Large Flavoured iced latte - Caramel - 3.25, Large Latte - 2.45",5.7,CARD,7729305627481104
17/04/2025 14:47,London Greenwich,Chester Halton,"Large Frappes - Chocolate Cookie - 3.25, Regular Frappes - Strawberries & Cream - 2.75, Large Flavoured iced latte - Caramel - 3.25",9.25,CARD,4220329515673997
17/04/2025 14:48,London Greenwich,David Brown,Large Iced americano - 2.50,2.5,CARD,1533995676734290
17/04/2025 14:49,London Greenwich,Nelson Jackson,"Large Flavoured iced latte - Caramel - 3.25, Regular Flavoured iced latte - Caramel - 2.75",6.0,CASH,
17/04/2025 14:50,London Greenwich,William Goodell,Regular Frappes - Chocolate Cookie - 2.75,2.75,CARD,2372021555874317
17/04/2025 14:51,London Greenwich,Christopher Burleson,"Large Frappes - Strawberries & Cream - 3.25, Large Flavoured iced latte - Caramel - 3.25, Large Frappes - Chocolate Cookie - 3.25",9.75,CARD,3238893613019849
17/04/2025 14:52,London Greenwich,Carolyn Cardenas,Large Latte - 2.45,2.45,CARD,4505477971137848
17/04/2025 14:53,London Greenwich,Earlene Williams,"Regular Latte - 2.15, Regular Frappes - Strawberries & Cream - 2.75, Large Frappes - Strawberries & Cream - 3.25, Large Iced americano - 2.50",10.65,CARD,3465960399581533
17/04/2025 14:54,London Greenwich,Melvin Ball,"Large Frappes - Strawberries & Cream - 3.25, Large Frappes - Chocolate Cookie - 3.25",6.5,CARD,7219477971160739
17/04/2025 14:55,London Greenwich,Frank Lebrun,"Large Frappes - Strawberries & Cream - 3.25, Large Flavoured iced latte - Caramel - 3.25, Regular Flavoured iced latte - Caramel - 2.75",9.25,CARD,3743622400866394
17/04/2025 14:56,London Greenwich,Jacqueline Bolden,"Regular Iced americano - 2.15, Regular Frappes - Strawberries & Cream - 2.75",4.9,CARD,4889508898348134
17/04/2025 14:57,London Greenwich,Suzy Yim,"Large Flavoured iced latte - Caramel - 3.25, Large Latte - 2.45",5.7,CARD,7046538236046213
17/04/2025 14:58,London Greenwich,Ruth Sleeper,"Regular Latte - 2.15, Large Frappes - Strawberries & Cream - 3.25",5.4,CARD,8159372225527446
17/04/2025 14:59,London Greenwich,Bernard Hawley,"Large Frappes - Chocolate Cookie - 3.25, Large Flavoured iced latte - Caramel - 3.25, Regular Flavoured iced latte - Caramel - 2.75",9.25,CASH,
17/04/2025 15:00,London Greenwich,Mary Cattaneo,Large Latte - 2.45,2.45,CARD,8637483132745481
17/04/2025 15:01,London Greenwich,James Bird,"Large Iced americano - 2.50, Large Flavoured iced latte - Caramel - 3.25, Large Flavoured iced latte - Caramel - 3.25, Large Frappes - Chocolate Cookie - 3.25, Regular Latte - 2.15",14.4,CARD,7305158714705335
17/04/2025 15:03,London Greenwich,Jacob Rios,"Regular Frappes - Strawberries & Cream - 2.75, Regular Frappes - Strawberries & Cream - 2.75",5.5,CARD,5617906489020398
17/04/2025 15:04,London Greenwich,Michael Riley,"Large Flavoured iced latte - Caramel - 3.25, Regular Latte - 2.15, Regular Frappes - Strawberries & Cream - 2.75, Regular Frappes - Chocolate Cookie - 2.75, Regular Iced americano - 2.15",13.05,CARD,6316583783326147
17/04/2025 15:05,London Greenwich,Robert Jones,"Large Flavoured iced latte - Caramel - 3.25, Regular Flavoured iced latte - Caramel - 2.75, Large Iced americano - 2.50, Large Frappes - Strawberries & Cream - 3.25, Large Latte - 2.45, Regular Flavoured iced latte - Caramel - 2.75",16.95,CARD,6917131550530166
17/04/2025 15:07,London Greenwich,Rosemary Kohn,"Large Frappes - Strawberries & Cream - 3.25, Large Latte - 2.45, Large Latte - 2.45, Large Frappes - Strawberries & Cream - 3.25",11.4,CARD,7952152595496898
17/04/2025 15:08,London Greenwich,Christopher Smallwood,Regular Latte - 2.15,2.15,CARD,3926381839632448
17/04/2025 15:09,London Greenwich,Reuben Smith,"Regular Latte - 2.15, Regular Latte - 2.15, Large Flavoured iced latte - Caramel - 3.25, Regular Frappes - Chocolate Cookie - 2.75",10.3,CARD,8007380623971632
17/04/2025 15:11,London Greenwich,Donna Hutchinson,"Large Iced americano - 2.50, Regular Latte - 2.15, Regular Frappes - Strawberries & Cream - 2.75, Regular Flavoured iced latte - Caramel - 2.75",10.15,CARD,4525227119374191
17/04/2025 15:12,London Greenwich,Annie Gibson,"Large Frappes - Chocolate Cookie - 3.25, Large Frappes - Strawberries & Cream - 3.25, Large Flavoured iced latte - Caramel - 3.25, Large Flavoured iced latte - Caramel - 3.25",13.0,CARD,9891143430659093
17/04/2025 15:14,London Greenwich,Carolyn Cheek,"Large Frappes - Chocolate Cookie - 3.25, Regular Iced americano - 2.15",5.4,CARD,2818416892053627
17/04/2025 15:15,London Greenwich,Addie Brobeck,"Regular Frappes - Chocolate Cookie - 2.75, Large Flavoured iced latte - Caramel - 3.25, Regular Latte - 2.15, Large Flavoured iced latte - Caramel - 3.25",11.4,CASH,
17/04/2025 15:16,London Greenwich,Terrence Leatherman,"Regular Frappes - Strawberries & Cream - 2.75, Large Iced americano - 2.50, Regular Frappes - Strawberries & Cream - 2.75, Regular Latte - 2.15, Large Flavoured iced latte - Caramel - 3.25, Large Latte - 2.45",15.85,CARD,3014198945123453
17/04/2025 15:18,London Greenwich,Michael Laperle,"Large Iced americano - 2.50, Regular Frappes - Strawberries & Cream - 2.75",5.25,CARD,2980910872258251
17/04/2025 15:19,London Greenwich,Mallory Hall,"Large Latte - 2.45, Large Flavoured iced latte - Caramel - 3.25",5.7,CARD,6008621986970658
17/04/2025 15:21,London Greenwich,Carl Moulton,"Large Frappes - Chocolate Cookie - 3.25, Large Latte - 2.45, Regular Frappes - Chocolate Cookie - 2.75, Large Flavoured iced latte - Caramel - 3.25",11.7,CARD,9923221242022365
17/04/2025 15:22,London Greenwich,Herbert Nguyen,"Regular Flavoured iced latte - Caramel - 2.75, Large Iced americano - 2.50",5.25,CARD,3053667053858570
17/04/2025 15:23,London Greenwich,Carolyn Stahl,"Regular Flavoured iced latte - Caramel - 2.75, Regular Frappes - Strawberries & Cream - 2.75, Regular Flavoured iced latte - Caramel - 2.75, Large Latte - 2.45",10.7,CASH,
17/04/2025 15:25,London Greenwich,Janine West,Large Flavoured iced latte - Caramel - 3.25,3.25,CASH,
17/04/2025 15:26,London Greenwich,Minerva Silverman,"Large Flavoured iced latte - Caramel - 3.25, Regular Frappes - Chocolate Cookie - 2.75",6.0,CASH,
17/04/2025 15:27,London Greenwich,Helene Holman,"Large Flavoured iced latte - Caramel - 3.25, Large Latte - 2.45, Regular Iced americano - 2.15",7.85,CASH,
17/04/2025 15:29,London Greenwich,David Horn,"Large Latte - 2.45, Regular Latte - 2.15, Regular Flavoured iced latte - Caramel - 2.75",7.35,CARD,8227819383943869
17/04/2025 15:30,London Greenwich,Ronald Diaz,"Large Frappes - Strawberries & Cream - 3.25, Large Iced americano - 2.50, Regular Frappes - Chocolate Cookie - 2.75, Large Frappes - Strawberries & Cream - 3.25",11.75,CARD,2806579721961470
17/04/2025 15:32,London Greenwich,Elizabeth Cross,"Regular Latte - 2.15, Regular Frappes - Strawberries & Cream - 2.75, Regular Iced americano - 2.15, Large Frappes - Chocolate Cookie - 3.25, Large Frappes - Strawberries & Cream - 3.25, Large Frappes - Chocolate Cookie - 3.25",16.8,CASH,
17/04/2025 15:33,London Greenwich,Enoch Sanmartin,"Large Frappes - Strawberries & Cream - 3.25, Regular Flavoured iced latte - Caramel - 2.75, Regular Frappes - Chocolate Cookie - 2.75, Regular Iced americano - 2.15, Large Frappes - Chocolate Cookie - 3.25",14.15,CARD,9206507347024780
17/04/2025 15:34,London Greenwich,Ronald Bratcher,Large Frappes - Strawberries & Cream - 3.25,3.25,CARD,6780356828854038
17/04/2025 15:36,London Greenwich,Clinton Gadson,"Large Frappes - Strawberries & Cream - 3.25, Regular Iced americano - 2.15",5.4,CARD,1205185306479848
17/04/2025 15:37,London Greenwich,Erma Korn,"Regular Frappes - Strawberries & Cream - 2.75, Large Flavoured iced latte - Caramel - 3.25, Large Flavoured iced latte - Caramel - 3.25",9.25,CARD,3525862831480109
17/04/2025 15:39,London Greenwich,Melissa Williams,"Large Latte - 2.45, Large Frappes - Strawberries & Cream - 3.25, Large Flavoured iced latte - Caramel - 3.25, Large Latte - 2.45",11.4,CARD,4419544687091798
17/04/2025 15:40,London Greenwich,Sue Owston,"Regular Frappes - Strawberries & Cream - 2.75, Regular Flavoured iced latte - Caramel - 2.75, Large Frappes - Strawberries & Cream - 3.25, Regular Flavoured iced latte - Caramel - 2.75, Regular Flavoured iced latte - Caramel - 2.75",14.25,CARD,4859546122068857
17/04/2025 15:41,London Greenwich,Clyde Hill,Large Frappes - Chocolate Cookie - 3.25,3.25,CARD,1603964627105900
17/04/2025 15:43,London Greenwich,Daniel Pulley,"Large Latte - 2.45, Large Iced americano - 2.50, Regular Latte - 2.15",7.1,CARD,2582285534813580
17/04/2025 15:44,London Greenwich,Brad Levy,"Regular Frappes - Strawberries & Cream - 2.75, Regular Frappes - Strawberries & Cream - 2.75",5.5,CARD,1695663127898895
17/04/2025 15:45,London Greenwich,Maria Todd,Large Frappes - Strawberries & Cream - 3.25,3.25,CARD,1917217474156971
17/04/2025 15:47,London Greenwich,Brandon Hogan,"Large Latte - 2.45, Regular Latte - 2.15",4.6,CARD,3578603104911044
17/04/2025 15:48,London Greenwich,Carolyn Netto,Regular Flavoured iced latte - Caramel - 2.75,2.75,CASH,
17/04/2025 15:50,London Greenwich,Willie Cooper,Regular Flavoured iced latte - Caramel - 2.75,2.75,CARD,9713048187898870
17/04/2025 15:51,London Greenwich,Ryan Morris,Large Frappes - Chocolate Cookie - 3.25,3.25,CASH,
17/04/2025 15:52,London Greenwich,Benjamin Standard,Regular Frappes - Strawberries & Cream - 2.75,2.75,CASH,
17/04/2025 15:54,London Greenwich,Jennifer Stimpert,"Regular Flavoured iced latte - Caramel - 2.75, Large Iced americano - 2.50, Regular Latte - 2.15, Large Frappes - Strawberries & Cream - 3.25",10.65,CASH,
17/04/2025 15:55,London Greenwich,Milton Rodriquez,"Regular Frappes - Strawberries & Cream - 2.75, Large Flavoured iced latte - Caramel - 3.25",6.0,CASH,
17/04/2025 15:57,London Greenwich,Suzy Velazquez,"Regular Frappes - Chocolate Cookie - 2.75, Regular Frappes - Strawberries & Cream - 2.75, Regular Flavoured iced latte - Caramel - 2.75",8.25,CARD,3590056252772501
17/04/2025 15:58,London Greenwich,Maria Davis,"Large Frappes - Strawberries & Cream - 3.25, Large Flavoured iced latte - Caramel - 3.25",6.5,CASH,
17/04/2025 15:59,London Greenwich,Mark Scott,"Large Frappes - Strawberries & Cream - 3.25, Regular Latte - 2.15",5.4,CARD,4378340723145927
17/04/2025 16:01,London Greenwich,Julia Brooks,"Regular Frappes - Chocolate Cookie - 2.75, Large Iced americano - 2.50, Regular Flavoured iced latte - Caramel - 2.75",8.0,CASH,
17/04/2025 16:03,London Greenwich,Janette Pitt,Large Latte - 2.45,2.45,CASH,
17/04/2025 16:05,London Greenwich,Michael Schultz,Large Latte - 2.45,2.45,CARD,7251312486598666
17/04/2025 16:07,London Greenwich,Richard Dicamillo,Large Latte - 2.45,2.45,CARD,7948070312476737
17/04/2025 16:09,London Greenwich,William Garner,"Regular Frappes - Strawberries & Cream - 2.75, Large Flavoured iced latte - Caramel - 3.25",6.0,CARD,1056390944145408
17/04/2025 16:11,London Greenwich,Ladonna Hill,"Regular Latte - 2.15, Large Flavoured iced latte - Caramel - 3.25",5.4,CASH,
17/04/2025 16:13,London Greenwich,Linda Cummings,Regular Latte - 2.15,2.15,CASH,
17/04/2025 16:15,London Greenwich,Randy Myers,Large Flavoured iced latte - Caramel - 3.25,3.25,CARD,2760509286311819
17/04/2025 16:17,London Greenwich,Kristin Paviolitis,"Large Latte - 2.45, Regular Frappes - Chocolate Cookie - 2.75, Large Flavoured iced latte - Caramel - 3.25, Large Latte - 2.45, Large Flavoured iced latte - Caramel - 3.25",14.15,CARD,3908856538138648
17/04/2025 16:19,London Greenwich,Gary Goldstein,Large Frappes - Chocolate Cookie - 3.25,3.25,CASH,
17/04/2025 16:21,London Greenwich,Leah Zins,"Large Iced americano - 2.50, Regular Latte - 2.15, Regular Flavoured iced latte - Caramel - 2.75, Large Flavoured iced latte - Caramel - 3.25",10.65,CARD,3179380604618794
17/04/2025 16:23,London Greenwich,Eugene Lizarraga,"Regular Latte - 2.15, Regular Latte - 2.15",4.3,CARD,2773365932105404
17/04/2025 16:25,London Greenwich,James Golightly,"Regular Flavoured iced latte - Caramel - 2.75, Regular Frappes - Chocolate Cookie - 2.75",5.5,CASH,
17/04/2025 16:28,London Greenwich,Fred Noakes,"Regular Frappes - Strawberries & Cream - 2.75, Large Frappes - Strawberries & Cream - 3.25, Large Frappes - Chocolate Cookie - 3.25",9.25,CARD,9120955983098031
17/04/2025 16:30,London Greenwich,Alice Pollock,Regular Iced americano - 2.15,2.15,CASH,
17/04/2025 16:32,London Greenwich,Joyce Burr,Large Frappes - Strawberries & Cream - 3.25,3.25,CARD,7786727544493331
17/04/2025 16:34,London Greenwich,Samatha Smith,Large Latte - 2.45,2.45,CARD,5401693133584663
17/04/2025 16:36,London Greenwich,Laura Meek,Large Latte - 2.45,2.45,CARD,1761242498176821
17/04/2025 16:38,London Greenwich,Arlene Zambrano,"Large Frappes - Chocolate Cookie - 3.25, Regular Frappes - Chocolate Cookie - 2.75, Large Flavoured iced latte - Caramel - 3.25, Regular Iced americano - 2.15, Regular Frappes - Strawberries & Cream - 2.75",14.15,CARD,6400790403523260
17/04/2025 16:40,London Greenwich,Jess Gearhart,Large Latte - 2.45,2.45,CARD,4853161243816974
17/04/2025 16:42,London Greenwich,Janet Hampton,"Large Frappes - Chocolate Cookie - 3.25, Regular Iced americano - 2.15, Large Latte - 2.45",7.85,CASH,
17/04/2025 16:44,London Greenwich,Ernesto Castorena,"Regular Flavoured iced latte - Caramel - 2.75, Large Frappes - Chocolate Cookie - 3.25, Regular Frappes - Strawberries & Cream - 2.75, Regular Flavoured iced latte - Caramel - 2.75, Large Iced americano - 2.50",14.0,CASH,
17/04/2025 16:46,London Greenwich,Floyd Mckeon,"Large Flavoured iced latte - Caramel - 3.25, Large Iced americano - 2.50, Large Latte - 2.45, Regular Iced americano - 2.15, Regular Frappes - Strawberries & Cream - 2.75",13.1,CARD,2942295788527161
17/04/2025 16:48,London Greenwich,Jason Bowling,"Regular Latte - 2.15, Large Frappes - Strawberries & Cream - 3.25, Large Flavoured iced latte - Caramel - 3.25",8.65,CASH,
17/04/2025 16:50,London Greenwich,Mary Gardner,"Regular Frappes - Chocolate Cookie - 2.75, Large Frappes - Strawberries & Cream - 3.25, Large Frappes - Chocolate Cookie - 3.25, Regular Flavoured iced latte - Caramel - 2.75, Large Frappes - Strawberries & Cream - 3.25, Regular Iced americano - 2.15",17.4,CARD,8719583808319370
17/04/2025 16:52,London Greenwich,Louise Goyne,"Regular Frappes - Strawberries & Cream - 2.75, Regular Latte - 2.15",4.9,CASH,
17/04/2025 16:54,London Greenwich,Elida Boyd,"Large Flavoured iced latte - Caramel - 3.25, Regular Frappes - Chocolate Cookie - 2.75, Large Frappes - Strawberries & Cream - 3.25",9.25,CARD,4399342897672075
17/04/2025 16:56,London Greenwich,Brian Barnes,"Large Frappes - Strawberries & Cream - 3.25, Regular Flavoured iced latte - Caramel - 2.75, Regular Frappes - Chocolate Cookie - 2.75",8.75,CARD,2375583841555563
17/04/2025 16:59,London Greenwich,Orlando Davis,"Regular Frappes - Strawberries & Cream - 2.75, Large Latte - 2.45, Regular Iced americano - 2.15, Regular Flavoured iced latte - Caramel - 2.75",10.1,CARD,4467161936049911
17/04/2025 17:01,London Greenwich,Arnold Pittman,"Large Frappes - Strawberries & Cream - 3.25, Regular Frappes - Chocolate Cookie - 2.75, Large Frappes - Chocolate Cookie - 3.25, Large Flavoured iced latte - Caramel - 3.25, Large Flavoured iced latte - Caramel - 3.25",15.75,CARD,5484075325717792
17/04/2025 17:03,London Greenwich,Shirley Norquist,Regular Frappes - Strawberries & Cream - 2.75,2.75,CASH,
17/04/2025 17:05,London Greenwich,Joan Baker,"Large Frappes - Chocolate Cookie - 3.25, Large Frappes - Chocolate Cookie - 3.25, Regular Flavoured iced latte - Caramel - 2.75",9.25,CARD,1210363453280826
17/04/2025 17:08,London Greenwich,Jerry Marlowe,"Regular Iced americano - 2.15, Regular Flavoured iced latte - Caramel - 2.75, Large Latte - 2.45, Regular Latte - 2.15, Regular Iced americano - 2.15, Regular Frappes - Strawberries & Cream - 2.75",14.4,CARD,3937933568102307
17/04/2025 17:10,London Greenwich,Johnetta Mitkowski,"Regular Flavoured iced latte - Caramel - 2.75, Regular Frappes - Strawberries & Cream - 2.75, Regular Latte - 2.15, Regular Iced americano - 2.15, Regular Frappes - Strawberries & Cream - 2.75",12.55,CASH,
17/04/2025 17:12,London Greenwich,Luis Wong,Large Latte - 2.45,2.45,CARD,4502418957343709
17/04/2025 17:14,London Greenwich,Isidro Cathey,Regular Frappes - Chocolate Cookie - 2.75,2.75,CASH,
17/04/2025 17:17,London Greenwich,John Perry,"Large Latte - 2.45, Regular Frappes - Strawberries & Cream - 2.75",5.2,CASH,
17/04/2025 17:19,London Greenwich,Sammie Green,Regular Frappes - Strawberries & Cream - 2.75,2.75,CASH,
17/04/2025 17:21,London Greenwich,Travis Small,"Large Frappes - Strawberries & Cream - 3.25, Large Iced americano - 2.50, Regular Latte - 2.15, Regular Flavoured iced latte - Caramel - 2.75, Large Latte - 2.45",13.1,CARD,5458164747348543
17/04/2025 17:24,London Greenwich,Dina Martinez,Large Frappes - Strawberries & Cream - 3.25,3.25,CARD,8112183516101554
17/04/2025 17:26,London Greenwich,Lera Smith,"Large Frappes - Strawberries & Cream - 3.25, Large Frappes - Chocolate Cookie - 3.25",6.5,CASH,
17/04/2025 17:28,London Greenwich,Jami Hashim,Large Latte - 2.45,2.45,CARD,6031598499611459
17/04/2025 17:31,London Greenwich,Christopher Mayfield,Regular Flavoured iced latte - Caramel - 2.75,2.75,CARD,6044104535167270
17/04/2025 17:33,London Greenwich,Valarie Traverso,"Large Flavoured iced latte - Caramel - 3.25, Regular Latte - 2.15",5.4,CARD,4968230862951233
17/04/2025 17:35,London Greenwich,Samuel Frazier,"Large Frappes - Strawberries & Cream - 3.25, Regular Latte - 2.15, Large Frappes - Strawberries & Cream - 3.25, Regular Frappes - Chocolate Cookie - 2.75, Large Frappes - Strawberries & Cream - 3.25",14.65,CARD,3164562505059786
17/04/2025 17:37,London Greenwich,Judy Kelley,"Large Frappes - Chocolate Cookie - 3.25, Large Flavoured iced latte - Caramel - 3.25, Large Frappes - Chocolate Cookie - 3.25, Regular Iced americano - 2.15",11.9,CASH,
17/04/2025 17:40,London Greenwich,Karlene Varela,"Regular Frappes - Strawberries & Cream - 2.75, Large Flavoured iced latte - Caramel - 3.25, Regular Frappes - Chocolate Cookie - 2.75, Regular Frappes - Strawberries & Cream - 2.75",11.5,CARD,3753232340808972
17/04/2025 17:42,London Greenwich,Jenna Stachura,"Regular Frappes - Strawberries & Cream - 2.75, Large Latte - 2.45, Large Flavoured iced latte - Caramel - 3.25, Regular Frappes - Chocolate Cookie - 2.75, Large Iced americano - 2.50",13.7,CARD,2238764561331827
17/04/2025 17:44,London Greenwich,Carlos Herman,"Large Flavoured iced latte - Caramel - 3.25, Regular Frappes - Strawberries & Cream - 2.75",6.0,CARD,5161621370622759
17/04/2025 17:47,London Greenwich,Christopher Klingenberg,"Large Latte - 2.45, Regular Frappes - Chocolate Cookie - 2.75",5.2,CARD,4259402696988822
17/04/2025 17:49,London Greenwich,Marie White,"Regular Latte - 2.15, Regular Flavoured iced latte - Caramel - 2.75, Regular Frappes - Chocolate Cookie - 2.75",7.65,CARD,8379941190918721
17/04/2025 17:51,London Greenwich,Mary Wonders,"Large Latte - 2.45, Large Flavoured iced latte - Caramel - 3.25, Regular Frappes - Strawberries & Cream - 2.75",8.45,CARD,9801515888395043
17/04/2025 17:54,London Greenwich,Hazel Shank,Large Latte - 2.45,2.45,CASH,
17/04/2025 17:56,London Greenwich,Diann Lee,"Large Iced americano - 2.50, Large Flavoured iced latte - Caramel - 3.25",5.75,CARD,6654740771200322
17/04/2025 17:58,London Greenwich,Sally Eubanks,"Regular Frappes - Strawberries & Cream - 2.75, Regular Frappes - Chocolate Cookie - 2.75, Regular Latte - 2.15, Large Latte - 2.45",10.1,CARD,3192003452449665
17/04/2025 18:00,London Greenwich,Raymond Sullivan,"Large Frappes - Chocolate Cookie - 3.25, Large Iced americano - 2.50",5.75,CARD,7304694803397355
17/04/2025 18:02,London Greenwich,Joe Quigley,"Regular Latte - 2.15, Regular Flavoured iced latte - Caramel - 2.75, Regular Latte - 2.15",7.05,CARD,8567844071429669
17/04/2025 18:04,London Greenwich,Johnny Steed,"Large Frappes - Strawberries & Cream - 3.25, Regular Frappes - Strawberries & Cream - 2.75, Large Flavoured iced latte - Caramel - 3.25, Regular Latte - 2.15, Large Iced americano - 2.50, Regular Latte - 2.15",16.05,CASH,
17/04/2025 18:06,London Greenwich,Karen Rothe,"Regular Frappes - Chocolate Cookie - 2.75, Large Iced americano - 2.50, Large Flavoured iced latte - Caramel - 3.25",8.5,CARD,2576810098852330
17/04/2025 18:08,London Greenwich,Samuel Smith,Regular Flavoured iced latte - Caramel - 2.75,2.75,CASH,
17/04/2025 18:10,London Greenwich,Ana Byrd,"Regular Frappes - Strawberries & Cream - 2.75, Regular Iced americano - 2.15, Large Iced americano - 2.50, Large Frappes - Chocolate Cookie - 3.25",10.65,CARD,8416023083800786
17/04/2025 18:12,London Greenwich,Grace Lashley,Regular Iced americano - 2.15,2.15,CARD,6604976039825586
17/04/2025 18:14,London Greenwich,John Owen,"Large Frappes - Strawberries & Cream - 3.25, Large Iced americano - 2.50",5.75,CARD,9258446963194819
17/04/2025 18:16,London Greenwich,Deborah Ryan,"Regular Frappes - Strawberries & Cream - 2.75, Regular Latte - 2.15",4.9,CARD,8677293700312808
17/04/2025 18:18,London Greenwich,Nancy Washer,Large Frappes - Chocolate Cookie - 3.25,3.25,CARD,5891659749926860
17/04/2025 18:20,London Greenwich,Lillian George,"Large Flavoured iced latte - Caramel - 3.25, Large Frappes - Strawberries & Cream - 3.25, Regular Frappes - Strawberries & Cream - 2.75, Large Latte - 2.45, Regular Flavoured iced latte - Caramel - 2.75",14.45,CARD,3352100324042196
17/04/2025 18:22,London Greenwich,Timothy Viner,"Regular Latte - 2.15, Regular Frappes - Strawberries & Cream - 2.75, Large Frappes - Chocolate Cookie - 3.25, Large Frappes - Strawberries & Cream - 3.25, Regular Flavoured iced latte - Caramel - 2.75",14.15,CARD,9953215969295153
17/04/2025 18:24,London Greenwich,Nora Dame,"Regular Iced americano - 2.15, Regular Frappes - Chocolate Cookie - 2.75, Large Flavoured iced latte - Caramel - 3.25, Large Flavoured iced latte - Caramel - 3.25, Large Frappes - Strawberries & Cream - 3.25, Large Frappes - Strawberries & Cream - 3.25",17.9,CARD,2963889961106899
17/04/2025 18:26,London Greenwich,Roland Tirado,"Large Latte - 2.45, Large Frappes - Strawberries & Cream - 3.25, Large Iced americano - 2.50",8.2,CARD,4294274747038216
17/04/2025 18:27,London Greenwich,Ryan Berry,"Regular Iced americano - 2.15, Regular Flavoured iced latte - Caramel - 2.75",4.9,CARD,2388552412473507
17/04/2025 18:29,London Greenwich,Ethel Mcconkey,"Large Latte - 2.45, Regular Latte - 2.15, Regular Frappes - Strawberries & Cream - 2.75",7.35,CARD,2424605269515133
17/04/2025 18:31,London Greenwich,Juan Perdue,"Regular Frappes - Strawberries & Cream - 2.75, Regular Frappes - Strawberries & Cream - 2.75, Regular Flavoured iced latte - Caramel - 2.75",8.25,CASH,
17/04/2025 18:33,London Greenwich,Mary Gutierrez,"Regular Flavoured iced latte - Caramel - 2.75, Regular Frappes - Strawberries & Cream - 2.75, Regular Frappes - Chocolate Cookie - 2.75, Large Frappes - Chocolate Cookie - 3.25, Regular Iced americano - 2.15",13.65,CASH,
17/04/2025 18:35,London Greenwich,Jeffrey Jones,Large Latte - 2.45,2.45,CASH,
17/04/2025 18:37,London Greenwich,Carol Davis,Regular Flavoured iced latte - Caramel - 2.75,2.75,CARD,1736443244649672
17/04/2025 18:39,London Greenwich,Betty Rector,Regular Iced americano - 2.15,2.15,CASH,
17/04/2025 18:41,London Greenwich,Ira Roberts,"Regular Iced americano - 2.15, Large Flavoured iced latte - Caramel - 3.25",5.4,CARD,6489539781081465
17/04/2025 18:43,London Greenwich,Jarrett Pavlik,"Regular Flavoured iced latte - Caramel - 2.75, Large Frappes - Strawberries & Cream - 3.25",6.0,CARD,4239907897975158
17/04/2025 18:45,London Greenwich,James Watkins,"Large Frappes - Strawberries & Cream - 3.25, Regular Iced americano - 2.15, Regular Flavoured iced latte - Caramel - 2.75, Regular Latte - 2.15, Large Flavoured iced latte - Caramel - 3.25, Large Frappes - Strawberries & Cream - 3.25",16.8,CARD,7297086368969569
17/04/2025 18:47,London Greenwich,Tammy Ojeda,"Regular Iced americano - 2.15, Regular Flavoured iced latte - Caramel - 2.75",4.9,CARD,8293500940475150
17/04/2025 18:49,London Greenwich,Moriah Koroma,"Regular Latte - 2.15, Regular Frappes - Chocolate Cookie - 2.75",4.9,CASH,
17/04/2025 18:51,London Greenwich,Steven Payne,Regular Frappes - Chocolate Cookie - 2.75,2.75,CASH,
17/04/2025 18:53,London Greenwich,Lannie Blackwood,"Regular Frappes - Chocolate Cookie - 2.75, Large Frappes - Strawberries & Cream - 3.25, Large Iced americano - 2.50",8.5,CASH,
17/04/2025 18:55,London Greenwich,Jo Smith,Large Frappes - Strawberries & Cream - 3.25,3.25,CARD,8009373460635410
17/04/2025 18:56,London Greenwich,Patricia Kruse,"Large Flavoured iced latte - Caramel - 3.25, Regular Flavoured iced latte - Caramel - 2.75",6.0,CARD,1190918596121824
17/04/2025 18:58,London Greenwich,Jacob Wires,"Large Iced americano - 2.50, Large Frappes - Chocolate Cookie - 3.25",5.75,CARD,1993768470674447
17/04/2025 19:00,London Greenwich,Joy Albero,"Regular Frappes - Strawberries & Cream - 2.75, Regular Frappes - Strawberries & Cream - 2.75, Regular Frappes - Chocolate Cookie - 2.75",8.25,CARD,4889085463812343
17/04/2025 19:02,London Greenwich,Kaye Brown,"Large Latte - 2.45, Large Flavoured iced latte - Caramel - 3.25",5.7,CARD,7555636512737608
17/04/2025 19:04,London Greenwich,Kristen Dick,Regular Flavoured iced latte - Caramel - 2.75,2.75,CARD,3535745651642060
17/04/2025 19:07,London Greenwich,Allen Dean,"Regular Frappes - Strawberries & Cream - 2.75, Regular Flavoured iced latte - Caramel - 2.75, Large Frappes - Chocolate Cookie - 3.25",8.75,CARD,6622771007602637
17/04/2025 19:09,London Greenwich,Lorraine Shambo,Regular Flavoured iced latte - Caramel - 2.75,2.75,CARD,8529346535248063
17/04/2025 19:11,London Greenwich,Stacey Campos,"Large Frappes - Chocolate Cookie - 3.25, Regular Frappes - Chocolate Cookie - 2.75",6.0,CASH,
17/04/2025 19:13,London Greenwich,Cynthia Powell,Regular Flavoured iced latte - Caramel - 2.75,2.75,CARD,3475007768553118
17/04/2025 19:15,London Greenwich,Vickie Lucas,"Regular Iced americano - 2.15, Regular Frappes - Chocolate Cookie - 2.75, Regular Flavoured iced latte - Caramel - 2.75, Large Frappes - Chocolate Cookie - 3.25, Regular Latte - 2.15",13.05,CASH,
17/04/2025 19:17,London Greenwich,Joseph Lewis,"Regular Latte - 2.15, Large Latte - 2.45, Regular Iced americano - 2.15",6.75,CARD,2243247030262791
17/04/2025 19:19,London Greenwich,Michael Smith,"Large Iced americano - 2.50, Regular Latte - 2.15",4.65,CARD,8625161563237159
17/04/2025 19:21,London Greenwich,Lorena Stiles,Large Latte - 2.45,2.45,CARD,7234746890790880
17/04/2025 19:23,London Greenwich,James Pope,"Regular Latte - 2.15, Large Latte - 2.45, Regular Frappes - Chocolate Cookie - 2.75, Regular Frappes - Strawberries & Cream - 2.75, Regular Flavoured iced latte - Caramel - 2.75, Regular Iced americano - 2.15",15.0,CARD,5599606471473645
17/04/2025 19:25,London Greenwich,Jacob Williams,"Regular Iced americano - 2.15, Regular Flavoured iced latte - Caramel - 2.75",4.9,CARD,8915783619712544
17/04/2025 19:27,London Greenwich,Mary Woodward,Large Frappes - Chocolate Cookie - 3.25,3.25,CARD,3362521883351648
17/04/2025 19:29,London Greenwich,Tony Velez,"Regular Flavoured iced latte - Caramel - 2.75, Regular Flavoured iced latte - Caramel - 2.75, Large Iced americano - 2.50, Large Latte - 2.45",10.45,CARD,7676573583275786
17/04/2025 19:31,London Greenwich,Timothy Stcharles,"Regular Flavoured iced latte - Caramel - 2.75, Large Frappes - Strawberries & Cream - 3.25, Large Frappes - Strawberries & Cream - 3.25, Large Flavoured iced latte - Caramel - 3.25",12.5,CARD,3068636588361966
17/04/2025 19:33,London Greenwich,Tim Laura,"Large Frappes - Strawberries & Cream - 3.25, Large Frappes - Chocolate Cookie - 3.25",6.5,CASH,
17/04/2025 19:35,London Greenwich,Barbara Richardson,"Large Frappes - Chocolate Cookie - 3.25, Large Frappes - Strawberries & Cream - 3.25, Regular Frappes - Strawberries & Cream - 2.75",9.25,CARD,4670365927571595
17/04/2025 19:38,London Greenwich,Jill Levy,"Regular Flavoured iced latte - Caramel - 2.75, Regular Frappes - Strawberries & Cream - 2.75, Large Latte - 2.45",7.95,CARD,5255064140046221
17/04/2025 19:40,London Greenwich,Jeff Elkins,Regular Latte - 2.15,2.15,CARD,7453188289989147
17/04/2025 19:42,London Greenwich,Robert Thomas,"Large Latte - 2.45, Regular Latte - 2.15, Large Iced americano - 2.50, Regular Flavoured iced latte - Caramel - 2.75",9.85,CASH,
17/04/2025 19:44,London Greenwich,Lisa Maynard,"Large Frappes - Strawberries & Cream - 3.25, Large Frappes - Chocolate Cookie - 3.25, Regular Flavoured iced latte - Caramel - 2.75",9.25,CARD,8523658167393532
17/04/2025 19:46,London Greenwich,Ruth Sather,"Regular Frappes - Chocolate Cookie - 2.75, Large Flavoured iced latte - Caramel - 3.25",6.0,CASH,
17/04/2025 19:48,London Greenwich,Diana Plummer,Regular Iced americano - 2.15,2.15,CARD,8937745207204569
17/04/2025 19:50,London Greenwich,Elinor Rancourt,Regular Flavoured iced latte - Caramel - 2.75,2.75,CARD,2657055464757051
17/04/2025 19:52,London Greenwich,Maya Watson,"Large Latte - 2.45, Large Frappes - Chocolate Cookie - 3.25, Regular Latte - 2.15",7.85,CARD,8870472394862105
17/04/2025 19:54,London Greenwich,Randy Robson,Large Frappes - Strawberries & Cream - 3.25,3.25,CARD,8412450921151703
17/04/2025 19:56,London Greenwich,Heidi Williams,"Regular Frappes - Strawberries & Cream - 2.75, Regular Flavoured iced latte - Caramel - 2.75, Regular Flavoured iced latte - Caramel - 2.75, Large Latte - 2.45, Large Frappes - Chocolate Cookie - 3.25",13.95,CASH,
17/04/2025 19:58,London Greenwich,Kathleen Robinson,Regular Frappes - Chocolate Cookie - 2.75,2.75,CARD,8784158110505966
17/04/2025 20:00,London Greenwich,John Rucker,"Large Iced americano - 2.50, Regular Frappes - Strawberries & Cream - 2.75",5.25,CASH,
17/04/2025 20:02,London Greenwich,Stephen Norrington,"Regular Flavoured iced latte - Caramel - 2.75, Large Frappes - Strawberries & Cream - 3.25, Large Iced americano - 2.50",8.5,CARD,7881636993068256
17/04/2025 20:03,London Greenwich,Warren Scott,"Large Flavoured iced latte - Caramel - 3.25, Regular Flavoured iced latte - Caramel - 2.75, Large Frappes - Strawberries & Cream - 3.25, Large Flavoured iced latte - Caramel - 3.25, Regular Flavoured iced latte - Caramel - 2.75, Regular Flavoured iced latte - Caramel - 2.75",18.0,CARD,2171187460020853
17/04/2025 20:04,London Greenwich,Buster Clift,"Regular Latte - 2.15, Regular Frappes - Chocolate Cookie - 2.75, Large Frappes - Strawberries & Cream - 3.25, Regular Frappes - Strawberries & Cream - 2.75, Large Iced americano - 2.50",13.4,CARD,8707082358913651
17/04/2025 20:06,London Greenwich,Cruz Sharpe,"Large Frappes - Strawberries & Cream - 3.25, Large Frappes - Strawberries & Cream - 3.25",6.5,CASH,
17/04/2025 20:07,London Greenwich,Norman Simpson,"Regular Latte - 2.15, Large Iced americano - 2.50, Regular Frappes - Chocolate Cookie - 2.75, Large Flavoured iced latte - Caramel - 3.25, Regular Flavoured iced latte - Caramel - 2.75, Regular Iced americano - 2.15",15.55,CASH,
17/04/2025 20:09,London Greenwich,Susan Wetenkamp,"Large Frappes - Chocolate Cookie - 3.25, Regular Frappes - Chocolate Cookie - 2.75",6.0,CARD,8879806630709757
17/04/2025 20:10,London Greenwich,Irma Layne,"Large Frappes - Chocolate Cookie - 3.25, Large Frappes - Strawberries & Cream - 3.25, Regular Flavoured iced latte - Caramel - 2.75",9.25,CASH,
17/04/2025 20:11,London Greenwich,Dennis Hernandez,"Large Flavoured iced latte - Caramel - 3.25, Large Frappes - Chocolate Cookie - 3.25",6.5,CARD,7297928697979040
17/04/2025 20:13,London Greenwich,Dorothy Mcmullen,"Regular Frappes - Chocolate Cookie - 2.75, Regular Frappes - Chocolate Cookie - 2.75, Regular Latte - 2.15, Regular Latte - 2.15, Regular Frappes - Strawberries & Cream - 2.75, Large Latte - 2.45",15.0,CASH,
17/04/2025 20:14,London Greenwich,Joseph Quilliams,"Large Iced americano - 2.50, Large Frappes - Strawberries & Cream - 3.25, Large Flavoured iced latte - Caramel - 3.25",9.0,CARD,4506021536933105
17/04/2025 20:15,London Greenwich,Robert Cunningham,"Regular Iced americano - 2.15, Large Latte - 2.45, Regular Iced americano - 2.15, Large Iced americano - 2.50, Regular Frappes - Strawberries & Cream - 2.75, Large Frappes - Strawberries & Cream - 3.25",15.25,CARD,8822680669143937
17/04/2025 20:17,London Greenwich,Ernest Chagoya,Regular Frappes - Chocolate Cookie - 2.75,2.75,CARD,8552369952715732
17/04/2025 20:18,London Greenwich,Velma Lee,"Large Frappes - Strawberries & Cream - 3.25, Regular Iced americano - 2.15, Regular Iced americano - 2.15",7.55,CARD,1060712859450716
17/04/2025 20:20,London Greenwich,Teresa Musgrove,Regular Frappes - Strawberries & Cream - 2.75,2.75,CARD,4666744252892115
17/04/2025 20:21,London Greenwich,Elvin Ryder,Large Flavoured iced latte - Caramel - 3.25,3.25,CARD,9773196598219097
17/04/2025 20:22,London Greenwich,Bessie Smith,"Large Frappes - Strawberries & Cream - 3.25, Regular Flavoured iced latte - Caramel - 2.75, Regular Frappes - Strawberries & Cream - 2.75, Large Flavoured iced latte - Caramel - 3.25",12.0,CARD,3138868632326533
17/04/2025 20:24,London Greenwich,Debbi Mcclendon,"Regular Frappes - Strawberries & Cream - 2.75, Large Latte - 2.45, Large Frappes - Strawberries & Cream - 3.25, Large Flavoured iced latte - Caramel - 3.25, Large Latte - 2.45, Regular Iced americano - 2.15",16.3,CARD,1952616528508093
17/04/2025 20:25,London Greenwich,Vernon Murray,"Regular Frappes - Strawberries & Cream - 2.75, Large Iced americano - 2.50",5.25,CASH,
17/04/2025 20:27,London Greenwich,Jenny Mayberry,"Large Iced americano - 2.50, Regular Frappes - Chocolate Cookie - 2.75",5.25,CARD,1242419571669792
17/04/2025 20:28,London Greenwich,Craig Everett,"Large Iced americano - 2.50, Large Flavoured iced latte - Caramel - 3.25, Large Flavoured iced latte - Caramel - 3.25, Large Frappes - Chocolate Cookie - 3.25, Regular Frappes - Chocolate Cookie - 2.75, Large Frappes - Strawberries & Cream - 3.25",18.25,CASH,
17/04/2025 20:29,London Greenwich,Lindy Hill,"Large Latte - 2.45, Large Iced americano - 2.50, Regular Flavoured iced latte - Caramel - 2.75, Large Latte - 2.45, Large Frappes - Chocolate Cookie - 3.25",13.4,CARD,1594633495560854
17/04/2025 20:31,London Greenwich,Lawrence Vogel,Large Frappes - Chocolate Cookie - 3.25,3.25,CASH,
17/04/2025 20:32,London Greenwich,Thomas Clark,Large Frappes - Chocolate Cookie - 3.25,3.25,CARD,8510327442519622
17/04/2025 20:33,London Greenwich,Harry Leonard,"Regular Latte - 2.15, Large Flavoured iced latte - Caramel - 3.25, Regular Iced americano - 2.15",7.55,CASH,
17/04/2025 20:35,London Greenwich,Kimberly Lugo,"Large Frappes - Strawberries & Cream - 3.25, Large Iced americano - 2.50",5.75,CASH,
17/04/2025 20:36,London Greenwich,Madison Kimmel,Regular Flavoured iced latte - Caramel - 2.75,2.75,CASH,
17/04/2025 20:38,London Greenwich,Tyler Boyers,"Large Iced americano - 2.50, Regular Iced americano - 2.15, Large Flavoured iced latte - Caramel - 3.25",7.9,CARD,3798632294459305
17/04/2025 20:39,London Greenwich,Debra Cruz,"Regular Flavoured iced latte - Caramel - 2.75, Large Frappes - Strawberries & Cream - 3.25, Regular Flavoured iced latte - Caramel - 2.75, Regular Frappes - Chocolate Cookie - 2.75, Large Frappes - Strawberries & Cream - 3.25",14.75,CASH,
17/04/2025 20:40,London Greenwich,Brian Hanson,"Large Latte - 2.45, Regular Latte - 2.15, Regular Frappes - Strawberries & Cream - 2.75, Large Frappes - Strawberries & Cream - 3.25, Regular Latte - 2.15, Regular Latte - 2.15",14.9,CARD,3880144940425913
17/04/2025 20:42,London Greenwich,Keith Williams,Large Flavoured iced latte - Caramel - 3.25,3.25,CARD,3967307655191490
17/04/2025 20:43,London Greenwich,Gregory Broughton,"Regular Iced americano - 2.15, Regular Frappes - Strawberries & Cream - 2.75",4.9,CASH,
17/04/2025 20:45,London Greenwich,Gary Zarrella,"Large Latte - 2.45, Regular Frappes - Strawberries & Cream - 2.75",5.2,CARD,4852259204348553
17/04/2025 20:46,London Greenwich,Danny Jones,"Large Iced americano - 2.50, Regular Frappes - Strawberries & Cream - 2.75, Large Latte - 2.45",7.7,CASH,
17/04/2025 20:47,London Greenwich,Denise Mccauley,"Large Frappes - Strawberries & Cream - 3.25, Large Flavoured iced latte - Caramel - 3.25, Regular Flavoured iced latte - Caramel - 2.75, Regular Frappes - Chocolate Cookie - 2.75",12.0,CARD,5729160881531692
17/04/2025 20:49,London Greenwich,Heather Robinson,"Regular Frappes - Chocolate Cookie - 2.75, Large Latte - 2.45",5.2,CARD,9938485869643611
17/04/2025 20:50,London Greenwich,Scott Bailey,"Regular Iced americano - 2.15, Large Frappes - Chocolate Cookie - 3.25, Large Frappes - Strawberries & Cream - 3.25, Large Latte - 2.45, Large Latte - 2.45, Regular Latte - 2.15",15.7,CARD,8890162667225959
17/04/2025 20:51,London Greenwich,Heather Wells,"Regular Flavoured iced latte - Caramel - 2.75, Regular Iced americano - 2.15",4.9,CARD,9119926625888396
17/04/2025 20:53,London Greenwich,Jeffrey Smith,Large Frappes - Chocolate Cookie - 3.25,3.25,CARD,2767458300345599
17/04/2025 20:54,London Greenwich,Constance Ross,"Regular Flavoured iced latte - Caramel - 2.75, Regular Latte - 2.15",4.9,CARD,9559399500726778
17/04/2025 20:56,London Greenwich,Jesus Baker,"Regular Flavoured iced latte - Caramel - 2.75, Regular Frappes - Strawberries & Cream - 2.75",5.5,CARD,8867528148238538
17/04/2025 20:57,London Greenwich,Victoria Ulloa,"Large Latte - 2.45, Large Iced americano - 2.50, Large Iced americano - 2.50, Large Flavoured iced latte - Caramel - 3.25",10.7,CARD,7628777444249680
17/04/2025 20:58,London Greenwich,Megan Strand,Large Latte - 2.45,2.45,CARD,9270324182670323
