15/04/2025 08:00,London Brixton,Denise Sexton,"Large Smoothies - Carrot Kick - 2.50, Regular Smoothies - Carrot Kick - 2.00",4.5,CARD,4989077431296015
15/04/2025 08:00,London Brixton,James Ives,Regular Espresso - 1.50,1.5,CASH,
15/04/2025 08:01,London Brixton,Larry Franklin,"Regular Speciality Tea - Earl Grey - 1.30, Large Speciality Tea - Earl Grey - 1.60, Large Frappes - Strawberries & Cream - 3.25",6.15,CARD,5306977335270961
15/04/2025 08:02,London Brixton,Stephanie Morrill,Large Espresso - 1.80,1.8,CARD,6594321156766063
15/04/2025 08:03,London Brixton,Ida Jones,Regular Frappes - Strawberries & Cream - 2.75,2.75,CARD,3388356944387154
15/04/2025 08:04,London Brixton,Gene Lowe,Large Speciality Tea - Earl Grey - 1.60,1.6,CASH,
15/04/2025 08:05,London Brixton,Paul Montpas,Large Espresso - 1.80,1.8,CASH,
15/04/2025 08:06,London Brixton,Thomas Good,Regular Frappes - Strawberries & Cream - 2.75,2.75,CASH,
15/04/2025 08:07,London Brixton,Mi Hemmer,"Regular Smoothies - Carrot Kick - 2.00, Regular Espresso - 1.50, Regular Hot chocolate - 2.20, Large Cappuccino - 2.45",8.15,CARD,8030637723609085
15/04/2025 08:08,London Brixton,Nicholas Herron,"Regular Smoothies - Glowing Greens - 2.00, Large Speciality Tea - Earl Grey - 1.60",3.6,CARD,2577280490526483
15/04/2025 08:09,London Brixton,Amy Graham,"Regular Iced americano - 2.15, Large Smoothies - Glowing Greens - 2.50, Regular Smoothies - Carrot Kick - 2.00, Regular Iced americano - 2.15, Large Smoothies - Carrot Kick - 2.50, Large Iced americano - 2.50",13.8,CARD,6708121198109157
15/04/2025 08:10,London Brixton,Anthony Williams,"Large Frappes - Strawberries & Cream - 3.25, Regular Iced americano - 2.15, Regular Smoothies - Carrot Kick - 2.00",7.4,CARD,4762300902275264
15/04/2025 08:11,London Brixton,Luis Mak,Large Frappes - Strawberries & Cream - 3.25,3.25,CARD,4230110844586828
15/04/2025 08:12,London Brixton,Lee Beane,"Large Espresso - 1.80, Regular Espresso - 1.50, Large Cappuccino - 2.45, Large Iced americano - 2.50",8.25,CARD,7512455995588149
15/04/2025 08:13,London Brixton,Gregory Korewdit,"Regular Espresso - 1.50, Large Speciality Tea - Earl Grey - 1.60, Large Cappuccino - 2.45, Large Iced americano - 2.50",8.05,CARD,5211243000943426
15/04/2025 08:14,London Brixton,Angela Koss,"Regular Frappes - Strawberries & Cream - 2.75, Large Espresso - 1.80",4.55,CARD,1335870261342627
15/04/2025 08:15,London Brixton,John Brown,"Large Speciality Tea - Earl Grey - 1.60, Regular Smoothies - Glowing Greens - 2.00, Large Iced americano - 2.50",6.1,CARD,4941291363945839
15/04/2025 08:16,London Brixton,Deborah Whitted,"Regular Smoothies - Carrot Kick - 2.00, Regular Iced americano - 2.15, Regular Speciality Tea - Earl Grey - 1.30, Regular Hot chocolate - 2.20",7.65,CARD,3575807852035900
15/04/2025 08:17,London Brixton,Ernestine Mason,"Large Iced americano - 2.50, Large Cappuccino - 2.45",4.95,CARD,6958181512771561
15/04/2025 08:18,London Brixton,Lyn Williams,"Regular Speciality Tea - Earl Grey - 1.30, Large Hot chocolate - 2.90, Regular Espresso - 1.50, Large Cappuccino - 2.45, Regular Hot chocolate - 2.20, Large Smoothies - Carrot Kick - 2.50",12.85,CARD,8415185436633185
15/04/2025 08:19,London Brixton,Adele Sherling,"Regular Smoothies - Glowing Greens - 2.00, Large Hot chocolate - 2.90, Large Hot chocolate - 2.90, Large Smoothies - Glowing Greens - 2.50",10.3,CASH,
15/04/2025 08:20,London Brixton,Stephanie Neary,"Large Espresso - 1.80, Regular Iced americano - 2.15, Regular Iced americano - 2.15",6.1,CASH,
15/04/2025 08:21,London Brixton,Sarah Stommes,"Large Speciality Tea - Earl Grey - 1.60, Regular Smoothies - Glowing Greens - 2.00, Large Frappes - Strawberries & Cream - 3.25, Regular Iced americano - 2.15",9.0,CASH,
15/04/2025 08:22,London Brixton,William Chamberlain,"Regular Cappuccino - 2.15, Large Speciality Tea - Earl Grey - 1.60, Large Speciality Tea - Earl Grey - 1.60",5.35,CARD,7847897525306611
15/04/2025 08:23,London Brixton,Michael Berryman,"Large Cappuccino - 2.45, Large Speciality Tea - Earl Grey - 1.60, Regular Espresso - 1.50",5.55,CARD,1598760042144234
15/04/2025 08:24,London Brixton,Heather Weiss,"Large Espresso - 1.80, Large Iced americano - 2.50",4.3,CARD,7758318490176198
15/04/2025 08:25,London Brixton,Lorine Hernandez,"Large Espresso - 1.80, Regular Espresso - 1.50",3.3,CARD,1731307423438278
15/04/2025 08:26,London Brixton,Harold Mcgloster,"Regular Frappes - Strawberries & Cream - 2.75, Regular Speciality Tea - Earl Grey - 1.30, Regular Smoothies - Carrot Kick - 2.00",6.05,CARD,3528752911893506
15/04/2025 08:27,London Brixton,Betty Sayre,"Regular Frappes - Strawberries & Cream - 2.75, Large Espresso - 1.80",4.55,CARD,4200670481458378
15/04/2025 08:28,London Brixton,Buford Creagh,"Regular Speciality Tea - Earl Grey - 1.30, Large Hot chocolate - 2.90, Regular Smoothies - Carrot Kick - 2.00, Regular Smoothies - Glowing Greens - 2.00",8.2,CASH,
15/04/2025 08:29,London Brixton,Kenneth Beck,"Regular Speciality Tea - Earl Grey - 1.30, Large Smoothies - Carrot Kick - 2.50, Large Cappuccino - 2.45, Regular Hot chocolate - 2.20, Large Iced americano - 2.50, Regular Espresso - 1.50",12.45,CARD,2927342312252951
15/04/2025 08:30,London Brixton,Brenna Cruse,Large Speciality Tea - Earl Grey - 1.60,1.6,CARD,8270813673223391
15/04/2025 08:31,London Brixton,Tina Martin,Large Speciality Tea - Earl Grey - 1.60,1.6,CARD,7599508015809961
15/04/2025 08:32,London Brixton,Yvonne Bodak,"Large Espresso - 1.80, Large Frappes - Strawberries & Cream - 3.25, Regular Smoothies - Glowing Greens - 2.00, Regular Iced americano - 2.15, Regular Cappuccino - 2.15",11.35,CASH,
15/04/2025 08:33,London Brixton,James Williams,Large Espresso - 1.80,1.8,CARD,4212340130052692
15/04/2025 08:34,London Brixton,Arthur Rathbone,Large Frappes - Strawberries & Cream - 3.25,3.25,CARD,7188504436672951
15/04/2025 08:35,London Brixton,Michael Ball,"Regular Iced americano - 2.15, Large Iced americano - 2.50, Large Speciality Tea - Earl Grey - 1.60, Large Frappes - Strawberries & Cream - 3.25",9.5,CASH,
15/04/2025 08:36,London Brixton,Rafael Berry,"Regular Hot chocolate - 2.20, Large Iced americano - 2.50, Regular Frappes - Strawberries & Cream - 2.75, Regular Iced americano - 2.15, Large Speciality Tea - Earl Grey - 1.60, Regular Iced americano - 2.15",13.35,CARD,6054492950785787
15/04/2025 08:37,London Brixton,Gena Galindo,"Large Espresso - 1.80, Large Speciality Tea - Earl Grey - 1.60",3.4,CASH,
15/04/2025 08:38,London Brixton,Barbara Young,"Large Cappuccino - 2.45, Regular Smoothies - Carrot Kick - 2.00",4.45,CASH,
15/04/2025 08:39,London Brixton,Jimmy Roby,"Large Frappes - Strawberries & Cream - 3.25, Regular Smoothies - Carrot Kick - 2.00, Large Cappuccino - 2.45, Large Frappes - Strawberries & Cream - 3.25",10.95,CARD,7973247837508626
15/04/2025 08:40,London Brixton,Amanda Oconnor,"Regular Smoothies - Glowing Greens - 2.00, Large Cappuccino - 2.45",4.45,CARD,7262504239764558
15/04/2025 08:41,London Brixton,Warren Tucker,"Large Iced americano - 2.50, Large Espresso - 1.80, Regular Iced americano - 2.15, Large Speciality Tea - Earl Grey - 1.60, Large Hot chocolate - 2.90",10.95,CASH,
15/04/2025 08:42,London Brixton,Carole Goetz,"Regular Smoothies - Glowing Greens - 2.00, Large Frappes - Strawberries & Cream - 3.25, Large Hot chocolate - 2.90",8.15,CARD,4645720150742495
15/04/2025 08:43,London Brixton,Nathan Schmidt,Regular Speciality Tea - Earl Grey - 1.30,1.3,CARD,2629084769458012
15/04/2025 08:44,London Brixton,Wade Jamison,Large Cappuccino - 2.45,2.45,CASH,
15/04/2025 08:45,London Brixton,Modesto June,"Large Hot chocolate - 2.90, Large Speciality Tea - Earl Grey - 1.60, Large Speciality Tea - Earl Grey - 1.60",6.1,CASH,
15/04/2025 08:46,London Brixton,Saul Hisle,"Regular Speciality Tea - Earl Grey - 1.30, Large Iced americano - 2.50, Regular Smoothies - Glowing Greens - 2.00",5.8,CARD,4715979365603893
15/04/2025 08:47,London Brixton,Victor Jennings,Regular Iced americano - 2.15,2.15,CARD,1849305213605391
15/04/2025 08:48,London Brixton,Janice Jeffries,"Regular Espresso - 1.50, Regular Speciality Tea - Earl Grey - 1.30, Large Speciality Tea - Earl Grey - 1.60",4.4,CARD,4709838255684594
15/04/2025 08:49,London Brixton,Tom Drury,"Regular Espresso - 1.50, Large Cappuccino - 2.45, Large Espresso - 1.80",5.75,CARD,4429752914788951
15/04/2025 08:50,London Brixton,Ronald Whittaker,"Regular Speciality Tea - Earl Grey - 1.30, Regular Smoothies - Carrot Kick - 2.00",3.3,CASH,
15/04/2025 08:51,London Brixton,Vivian Sanchez,"Regular Espresso - 1.50, Regular Smoothies - Glowing Greens - 2.00",3.5,CARD,4444843335035650
15/04/2025 08:52,London Brixton,Ruben Beasley,"Large Frappes - Strawberries & Cream - 3.25, Large Frappes - Strawberries & Cream - 3.25",6.5,CARD,7248561270246305
15/04/2025 08:53,London Brixton,Johnny Moody,"Regular Smoothies - Carrot Kick - 2.00, Regular Speciality Tea - Earl Grey - 1.30, Regular Cappuccino - 2.15, Regular Iced americano - 2.15",7.6,CARD,2178774219000293
15/04/2025 08:54,London Brixton,James Franco,"Regular Iced americano - 2.15, Large Speciality Tea - Earl Grey - 1.60, Regular Speciality Tea - Earl Grey - 1.30",5.05,CARD,4110408937036766
15/04/2025 08:55,London Brixton,Laura Hadden,"Regular Cappuccino - 2.15, Large Frappes - Strawberries & Cream - 3.25",5.4,CASH,
15/04/2025 08:56,London Brixton,Jean Hines,"Regular Speciality Tea - Earl Grey - 1.30, Large Smoothies - Carrot Kick - 2.50, Large Hot chocolate - 2.90, Large Iced americano - 2.50",9.2,CARD,3362108091036683
15/04/2025 08:57,London Brixton,Buford Anderson,"Large Iced americano - 2.50, Large Hot chocolate - 2.90",5.4,CARD,7445631664936862
15/04/2025 08:58,London Brixton,Frank Ring,"Large Espresso - 1.80, Large Iced americano - 2.50, Large Smoothies - Carrot Kick - 2.50, Large Iced americano - 2.50",9.3,CARD,9358619682696170
15/04/2025 08:59,London Brixton,Sean Neal,"Regular Espresso - 1.50, Large Speciality Tea - Earl Grey - 1.60",3.1,CARD,4027724189393524
15/04/2025 08:59,London Brixton,Jeffrey Dodge,Large Cappuccino - 2.45,2.45,CASH,
15/04/2025 09:00,London Brixton,Timothy Cantua,Regular Hot chocolate - 2.20,2.2,CARD,1589154191198942
15/04/2025 09:02,London Brixton,Thomas Wilburn,"Regular Cappuccino - 2.15, Regular Frappes - Strawberries & Cream - 2.75, Regular Smoothies - Glowing Greens - 2.00",6.9,CARD,2986058119948263
15/04/2025 09:03,London Brixton,Evan Tamm,"Large Iced americano - 2.50, Large Hot chocolate - 2.90",5.4,CARD,8535111296818134
15/04/2025 09:04,London Brixton,Justin Correia,"Large Frappes - Strawberries & Cream - 3.25, Large Cappuccino - 2.45, Regular Espresso - 1.50",7.2,CASH,
15/04/2025 09:05,London Brixton,Annie Anderson,"Large Hot chocolate - 2.90, Regular Cappuccino - 2.15, Regular Iced americano - 2.15, Regular Espresso - 1.50",8.7,CARD,7831162556524761
15/04/2025 09:06,London Brixton,Charles Luna,"Large Smoothies - Glowing Greens - 2.50, Regular Iced americano - 2.15, Regular Smoothies - Glowing Greens - 2.00, Regular Hot chocolate - 2.20",8.85,CARD,5749792858941420
15/04/2025 09:07,London Brixton,Brian Bruce,"Regular Frappes - Strawberries & Cream - 2.75, Regular Iced americano - 2.15, Large Smoothies - Glowing Greens - 2.50",7.4,CARD,8215018322710460
15/04/2025 09:09,London Brixton,David William,"Large Frappes - Strawberries & Cream - 3.25, Large Speciality Tea - Earl Grey - 1.60",4.85,CARD,1711492980080938
15/04/2025 09:10,London Brixton,Ollie Donovan,"Large Cappuccino - 2.45, Large Smoothies - Carrot Kick - 2.50, Large Frappes - Strawberries & Cream - 3.25",8.2,CARD,6067532215818856
15/04/2025 09:11,London Brixton,Nicholas Olsen,"Regular Cappuccino - 2.15, Regular Iced americano - 2.15",4.3,CARD,6672761392701884
15/04/2025 09:12,London Brixton,Mary Ogden,"Large Hot chocolate - 2.90, Large Cappuccino - 2.45, Large Frappes - Strawberries & Cream - 3.25, Regular Iced americano - 2.15, Regular Espresso - 1.50",12.25,CARD,1050866420055307
15/04/2025 09:13,London Brixton,Terrence Kelly,"Large Smoothies - Glowing Greens - 2.50, Regular Cappuccino - 2.15",4.65,CARD,2398904671830349
15/04/2025 09:14,London Brixton,Carol Phillips,Regular Frappes - Strawberries & Cream - 2.75,2.75,CASH,
15/04/2025 09:16,London Brixton,Richard Cho,"Large Frappes - Strawberries & Cream - 3.25, Large Smoothies - Glowing Greens - 2.50, Regular Cappuccino - 2.15, Large Hot chocolate - 2.90, Large Espresso - 1.80",12.6,CARD,2522722427420853
15/04/2025 09:17,London Brixton,Ivan Hageman,Large Speciality Tea - Earl Grey - 1.60,1.6,CARD,1482611515744827
15/04/2025 09:18,London Brixton,Randy Sticker,"Regular Espresso - 1.50, Large Speciality Tea - Earl Grey - 1.60, Regular Espresso - 1.50, Regular Smoothies - Glowing Greens - 2.00",6.6,CARD,6740356759987106
15/04/2025 09:19,London Brixton,Judy Chapman,"Regular Smoothies - Carrot Kick - 2.00, Regular Speciality Tea - Earl Grey - 1.30, Large Smoothies - Glowing Greens - 2.50, Regular Cappuccino - 2.15, Large Iced americano - 2.50",10.45,CARD,7017568536370408
15/04/2025 09:20,London Brixton,Nathan Sallas,"Regular Smoothies - Glowing Greens - 2.00, Large Iced americano - 2.50",4.5,CASH,
15/04/2025 09:21,London Brixton,Kimberly Tygart,"Large Iced americano - 2.50, Large Hot chocolate - 2.90, Regular Cappuccino - 2.15, Regular Espresso - 1.50",9.05,CASH,
15/04/2025 09:23,London Brixton,Howard Beltran,Large Smoothies - Glowing Greens - 2.50,2.5,CARD,2692861504091400
15/04/2025 09:24,London Brixton,Andrew Medina,"Regular Frappes - Strawberries & Cream - 2.75, Large Iced americano - 2.50, Regular Smoothies - Glowing Greens - 2.00",7.25,CARD,3893068769154021
15/04/2025 09:25,London Brixton,Kimberly Reed,"Regular Smoothies - Glowing Greens - 2.00, Regular Smoothies - Glowing Greens - 2.00, Large Cappuccino - 2.45",6.45,CARD,6320871031770212
15/04/2025 09:26,London Brixton,Andre Cohen,"Large Frappes - Strawberries & Cream - 3.25, Large Smoothies - Carrot Kick - 2.50",5.75,CARD,6094359519787348
15/04/2025 09:27,London Brixton,Kevin Townley,"Large Smoothies - Carrot Kick - 2.50, Large Smoothies - Glowing Greens - 2.50, Large Speciality Tea - Earl Grey - 1.60, Large Cappuccino - 2.45",9.05,CARD,5524711817113074
15/04/2025 09:28,London Brixton,Scott Gibson,"Large Cappuccino - 2.45, Large Iced americano - 2.50, Large Frappes - Strawberries & Cream - 3.25",8.2,CARD,3326219485824272
15/04/2025 09:30,London Brixton,Scott Pavia,"Large Frappes - Strawberries & Cream - 3.25, Large Smoothies - Carrot Kick - 2.50, Regular Espresso - 1.50, Regular Speciality Tea - Earl Grey - 1.30",8.55,CARD,1445706002027354
15/04/2025 09:31,London Brixton,Joseph Murphy,"Regular Speciality Tea - Earl Grey - 1.30, Regular Frappes - Strawberries & Cream - 2.75",4.05,CARD,2382946112775975
15/04/2025 09:32,London Brixton,Gilbert Johnson,Regular Frappes - Strawberries & Cream - 2.75,2.75,CARD,3342085594760696
15/04/2025 09:33,London Brixton,George Nunez,"Regular Smoothies - Glowing Greens - 2.00, Large Frappes - Strawberries & Cream - 3.25, Regular Speciality Tea - Earl Grey - 1.30",6.55,CARD,8187889176293403
15/04/2025 09:34,London Brixton,Marion Carter,Large Cappuccino - 2.45,2.45,CARD,6626818069592621
15/04/2025 09:35,London Brixton,Erika Jeffrey,Regular Frappes - Strawberries & Cream - 2.75,2.75,CARD,2814400207394609
15/04/2025 09:37,London Brixton,Gina Robinson,"Regular Speciality Tea - Earl Grey - 1.30, Regular Iced americano - 2.15, Large Smoothies - Glowing Greens - 2.50",5.95,CASH,
15/04/2025 09:38,London Brixton,Sheila Bassani,Regular Frappes - Strawberries & Cream - 2.75,2.75,CASH,
15/04/2025 09:39,London Brixton,Laura Tighe,Regular Smoothies - Glowing Greens - 2.00,2.0,CARD,5492981916679547
15/04/2025 09:40,London Brixton,Harriet Deck,"Large Espresso - 1.80, Large Frappes - Strawberries & Cream - 3.25, Large Iced americano - 2.50, Regular Hot chocolate - 2.20",9.75,CARD,1728010863261002
15/04/2025 09:41,London Brixton,Kala Bair,"Large Speciality Tea - Earl Grey - 1.60, Regular Smoothies - Carrot Kick - 2.00",3.6,CARD,7299909591876356
15/04/2025 09:42,London Brixton,Dustin Petry,"Regular Speciality Tea - Earl Grey - 1.30, Regular Hot chocolate - 2.20",3.5,CARD,1264269323123275
15/04/2025 09:44,London Brixton,Clifford Benefield,"Regular Frappes - Strawberries & Cream - 2.75, Regular Espresso - 1.50, Large Smoothies - Glowing Greens - 2.50",6.75,CARD,5382865445625898
15/04/2025 09:45,London Brixton,Jose Heimann,"Large Speciality Tea - Earl Grey - 1.60, Large Frappes - Strawberries & Cream - 3.25",4.85,CARD,1345766486831243
15/04/2025 09:46,London Brixton,Dale Chapell,"Large Smoothies - Glowing Greens - 2.50, Large Frappes - Strawberries & Cream - 3.25, Large Speciality Tea - Earl Grey - 1.60",7.35,CARD,1561507263859622
15/04/2025 09:47,London Brixton,David Villalvazo,"Regular Iced americano - 2.15, Large Espresso - 1.80, Regular Smoothies - Glowing Greens - 2.00, Regular Hot chocolate - 2.20",8.15,CASH,
15/04/2025 09:48,London Brixton,Ricardo Lauer,"Large Iced americano - 2.50, Regular Iced americano - 2.15",4.65,CARD,8109074036080942
15/04/2025 09:49,London Brixton,Denise Gaietto,Large Smoothies - Carrot Kick - 2.50,2.5,CARD,1375355254537403
15/04/2025 09:51,London Brixton,Milagros Reker,Large Iced americano - 2.50,2.5,CARD,8205377678693723
15/04/2025 09:52,London Brixton,Brigette Perez,Regular Hot chocolate - 2.20,2.2,CARD,4591754720691641
15/04/2025 09:53,London Brixton,Lucille Mohr,Regular Iced americano - 2.15,2.15,CASH,
15/04/2025 09:54,London Brixton,Jeanne Patterson,"Large Frappes - Strawberries & Cream - 3.25, Regular Hot chocolate - 2.20, Large Cappuccino - 2.45",7.9,CARD,9696504027599259
15/04/2025 09:55,London Brixton,Patricia Dee,"Regular Smoothies - Glowing Greens - 2.00, Large Frappes - Strawberries & Cream - 3.25, Regular Frappes - Strawberries & Cream - 2.75",8.0,CARD,1681808542026854
15/04/2025 09:56,London Brixton,Jennifer Alessandroni,"Large Espresso - 1.80, Regular Hot chocolate - 2.20",4.0,CARD,2790720852434758
15/04/2025 09:58,London Brixton,Frances Johnson,Large Cappuccino - 2.45,2.45,CARD,3970761044445288
15/04/2025 09:59,London Brixton,Katie Gigliotti,"Large Smoothies - Carrot Kick - 2.50, Regular Hot chocolate - 2.20, Large Speciality Tea - Earl Grey - 1.60, Large Hot chocolate - 2.90",9.2,CARD,8107414702204299
15/04/2025 10:00,London Brixton,Angeline Barrett,"Regular Smoothies - Glowing Greens - 2.00, Large Speciality Tea - Earl Grey - 1.60",3.6,CARD,1434667888026798
15/04/2025 10:01,London Brixton,William Eldridge,Regular Speciality Tea - Earl Grey - 1.30,1.3,CARD,4303142077146198
15/04/2025 10:02,London Brixton,Tony Neese,"Regular Iced americano - 2.15, Regular Speciality Tea - Earl Grey - 1.30, Regular Espresso - 1.50",4.95,CARD,4906130740841272
15/04/2025 10:03,London Brixton,Ron Nelson,"Regular Speciality Tea - Earl Grey - 1.30, Regular Speciality Tea - Earl Grey - 1.30, Regular Hot chocolate - 2.20",4.8,CARD,1491233363920839
15/04/2025 10:05,London Brixton,Donald Heikes,"Large Speciality Tea - Earl Grey - 1.60, Regular Hot chocolate - 2.20, Large Smoothies - Carrot Kick - 2.50, Large Smoothies - Carrot Kick - 2.50, Regular Espresso - 1.50",10.3,CARD,4560580202910701
15/04/2025 10:06,London Brixton,Edward Martin,"Large Frappes - Strawberries & Cream - 3.25, Regular Speciality Tea - Earl Grey - 1.30",4.55,CARD,3804048106266839
15/04/2025 10:07,London Brixton,Richard Lenihan,Large Espresso - 1.80,1.8,CARD,9736275986041479
15/04/2025 10:08,London Brixton,Florence Smith,"Large Iced americano - 2.50, Large Frappes - Strawberries & Cream - 3.25",5.75,CARD,9957029381699134
15/04/2025 10:09,London Brixton,Robert Gardner,"Large Speciality Tea - Earl Grey - 1.60, Large Speciality Tea - Earl Grey - 1.60",3.2,CARD,1912360220606582
15/04/2025 10:10,London Brixton,Justin Alves,"Large Iced americano - 2.50, Regular Iced americano - 2.15, Large Cappuccino - 2.45, Large Iced americano - 2.50, Regular Cappuccino - 2.15",11.75,CARD,9028028850841921
15/04/2025 10:12,London Brixton,Stephen Johnson,"Large Cappuccino - 2.45, Large Speciality Tea - Earl Grey - 1.60, Large Cappuccino - 2.45, Regular Iced americano - 2.15, Large Smoothies - Glowing Greens - 2.50, Large Cappuccino - 2.45",13.6,CARD,5240947795439794
15/04/2025 10:13,London Brixton,Yvonne Pope,"Regular Espresso - 1.50, Regular Espresso - 1.50, Large Iced americano - 2.50",5.5,CARD,7219896460660313
15/04/2025 10:14,London Brixton,Steven Woods,"Regular Cappuccino - 2.15, Large Hot chocolate - 2.90, Regular Cappuccino - 2.15, Large Cappuccino - 2.45, Regular Hot chocolate - 2.20, Regular Smoothies - Carrot Kick - 2.00",13.85,CARD,9325887925962147
15/04/2025 10:15,London Brixton,David Morring,Large Espresso - 1.80,1.8,CARD,1989259175211171
15/04/2025 10:16,London Brixton,Heath Jackson,"Large Frappes - Strawberries & Cream - 3.25, Large Frappes - Strawberries & Cream - 3.25",6.5,CARD,7469409823661749
15/04/2025 10:17,London Brixton,Joseph Clark,"Regular Frappes - Strawberries & Cream - 2.75, Large Smoothies - Carrot Kick - 2.50",5.25,CASH,
15/04/2025 10:19,London Brixton,Sandra Morales,Regular Hot chocolate - 2.20,2.2,CASH,
15/04/2025 10:20,London Brixton,Susan Baker,"Large Smoothies - Glowing Greens - 2.50, Regular Smoothies - Glowing Greens - 2.00",4.5,CARD,6405829973942918
15/04/2025 10:21,London Brixton,Dean Rigney,"Regular Hot chocolate - 2.20, Large Iced americano - 2.50, Regular Speciality Tea - Earl Grey - 1.30, Large Iced americano - 2.50",8.5,CARD,5177447936044076
15/04/2025 10:22,London Brixton,Julia Mingle,"Large Speciality Tea - Earl Grey - 1.60, Regular Cappuccino - 2.15, Regular Cappuccino - 2.15",5.9,CARD,8312029267403850
15/04/2025 10:23,London Brixton,Terry Hernandez,"Large Smoothies - Glowing Greens - 2.50, Large Smoothies - Glowing Greens - 2.50",5.0,CARD,6674749307796040
15/04/2025 10:24,London Brixton,Susan Mason,"Regular Hot chocolate - 2.20, Large Smoothies - Carrot Kick - 2.50, Large Smoothies - Glowing Greens - 2.50, Large Smoothies - Glowing Greens - 2.50",9.7,CARD,7171529765867336
15/04/2025 10:26,London Brixton,Maria Brady,Large Smoothies - Carrot Kick - 2.50,2.5,CARD,7758150051719913
15/04/2025 10:27,London Brixton,Paul Donnelson,"Large Hot chocolate - 2.90, Large Espresso - 1.80, Regular Espresso - 1.50",6.2,CASH,
15/04/2025 10:28,London Brixton,Jill Caudill,"Regular Frappes - Strawberries & Cream - 2.75, Regular Smoothies - Carrot Kick - 2.00, Large Espresso - 1.80",6.55,CARD,3519328551635389
15/04/2025 10:29,London Brixton,Ruben Berube,Regular Smoothies - Glowing Greens - 2.00,2.0,CASH,
15/04/2025 10:30,London Brixton,Albert Hollingsworth,"Large Iced americano - 2.50, Regular Iced americano - 2.15",4.65,CARD,9410769393588350
15/04/2025 10:31,London Brixton,Melissa Salais,Large Smoothies - Carrot Kick - 2.50,2.5,CASH,
15/04/2025 10:33,London Brixton,Arthur Delrio,"Regular Smoothies - Glowing Greens - 2.00, Large Cappuccino - 2.45, Large Smoothies - Carrot Kick - 2.50",6.95,CARD,9848684523871863
15/04/2025 10:34,London Brixton,Isaac Wagner,Large Espresso - 1.80,1.8,CASH,
15/04/2025 10:35,London Brixton,Helen King,"Regular Cappuccino - 2.15, Large Iced americano - 2.50, Regular Hot chocolate - 2.20",6.85,CARD,6530793779906828
15/04/2025 10:36,London Brixton,Genevieve Cadle,"Large Smoothies - Carrot Kick - 2.50, Large Hot chocolate - 2.90, Large Hot chocolate - 2.90, Large Hot chocolate - 2.90, Large Smoothies - Glowing Greens - 2.50, Regular Espresso - 1.50",15.2,CASH,
15/04/2025 10:37,London Brixton,Corey Williams,"Regular Hot chocolate - 2.20, Regular Smoothies - Glowing Greens - 2.00",4.2,CASH,
15/04/2025 10:38,London Brixton,Megan Obrien,"Regular Hot chocolate - 2.20, Large Speciality Tea - Earl Grey - 1.60, Large Hot chocolate - 2.90, Regular Smoothies - Glowing Greens - 2.00, Large Cappuccino - 2.45",11.15,CASH,
15/04/2025 10:40,London Brixton,Genevieve Persing,"Large Hot chocolate - 2.90, Large Smoothies - Carrot Kick - 2.50",5.4,CASH,
15/04/2025 10:41,London Brixton,Romona Urban,Regular Iced americano - 2.15,2.15,CASH,
15/04/2025 10:42,London Brixton,Elizabeth Masseria,"Regular Speciality Tea - Earl Grey - 1.30, Large Frappes - Strawberries & Cream - 3.25, Large Espresso - 1.80, Regular Cappuccino - 2.15, Regular Smoothies - Carrot Kick - 2.00, Large Iced americano - 2.50",13.0,CASH,
15/04/2025 10:43,London Brixton,Charles Clark,"Regular Speciality Tea - Earl Grey - 1.30, Large Espresso - 1.80",3.1,CARD,4751837616580173
15/04/2025 10:44,London Brixton,William Currie,"Large Hot chocolate - 2.90, Large Iced americano - 2.50, Regular Cappuccino - 2.15, Regular Smoothies - Carrot Kick - 2.00",9.55,CARD,8798509365577577
15/04/2025 10:45,London Brixton,Annie Anthony,"Large Hot chocolate - 2.90, Regular Hot chocolate - 2.20",5.1,CARD,6477982802658341
15/04/2025 10:47,London Brixton,Beverly Williams,Regular Speciality Tea - Earl Grey - 1.30,1.3,CASH,
15/04/2025 10:48,London Brixton,Sara Abdullah,Regular Cappuccino - 2.15,2.15,CARD,6425059660610205
15/04/2025 10:49,London Brixton,William Vanderford,"Regular Smoothies - Glowing Greens - 2.00, Regular Smoothies - Glowing Greens - 2.00, Regular Espresso - 1.50, Regular Speciality Tea - Earl Grey - 1.30",6.8,CARD,3806298348147117
15/04/2025 10:50,London Brixton,Migdalia Skillings,"Regular Frappes - Strawberries & Cream - 2.75, Large Iced americano - 2.50, Regular Speciality Tea - Earl Grey - 1.30, Regular Speciality Tea - Earl Grey - 1.30, Regular Smoothies - Glowing Greens - 2.00",9.85,CARD,4952059288241375
15/04/2025 10:51,London Brixton,Michael Leone,"Regular Speciality Tea - Earl Grey - 1.30, Regular Frappes - Strawberries & Cream - 2.75, Regular Cappuccino - 2.15, Large Speciality Tea - Earl Grey - 1.60, Large Smoothies - Carrot Kick - 2.50, Large Iced americano - 2.50",12.8,CARD,6237513793733016
15/04/2025 10:52,London Brixton,Andrew Bouchard,"Large Iced americano - 2.50, Large Cappuccino - 2.45, Regular Iced americano - 2.15",7.1,CASH,
15/04/2025 10:54,London Brixton,Michelle Rutledge,"Large Smoothies - Glowing Greens - 2.50, Regular Speciality Tea - Earl Grey - 1.30",3.8,CARD,1042811338190711
15/04/2025 10:55,London Brixton,Robert Roberts,"Large Cappuccino - 2.45, Large Smoothies - Carrot Kick - 2.50, Large Speciality Tea - Earl Grey - 1.60, Large Espresso - 1.80, Regular Speciality Tea - Earl Grey - 1.30",9.65,CARD,5279276789980181
15/04/2025 10:56,London Brixton,Robert Mcclelland,"Large Smoothies - Carrot Kick - 2.50, Regular Cappuccino - 2.15, Regular Smoothies - Carrot Kick - 2.00",6.65,CARD,3159627428957292
15/04/2025 10:57,London Brixton,Jorge Pesce,"Regular Smoothies - Carrot Kick - 2.00, Large Cappuccino - 2.45",4.45,CASH,
15/04/2025 10:58,London Brixton,Mabel Khan,Large Speciality Tea - Earl Grey - 1.60,1.6,CARD,4972179929522996
15/04/2025 10:59,London Brixton,Karen Suiter,"Regular Cappuccino - 2.15, Large Frappes - Strawberries & Cream - 3.25, Regular Espresso - 1.50, Regular Espresso - 1.50, Large Iced americano - 2.50, Regular Cappuccino - 2.15",13.05,CARD,1603312253026804
15/04/2025 11:01,London Brixton,Marsha Ohearn,"Regular Iced americano - 2.15, Large Iced americano - 2.50, Regular Iced americano - 2.15, Regular Espresso - 1.50",8.3,CARD,9082329499555720
15/04/2025 11:03,London Brixton,Gloria Miller,"Regular Cappuccino - 2.15, Regular Speciality Tea - Earl Grey - 1.30, Regular Espresso - 1.50, Large Iced americano - 2.50, Large Cappuccino - 2.45, Large Frappes - Strawberries & Cream - 3.25",13.15,CASH,
15/04/2025 11:04,London Brixton,Harriette Feltner,Regular Hot chocolate - 2.20,2.2,CARD,8181361854643065
15/04/2025 11:06,London Brixton,Kendra Wilson,"Regular Espresso - 1.50, Regular Cappuccino - 2.15, Large Speciality Tea - Earl Grey - 1.60",5.25,CARD,2343775448967868
15/04/2025 11:08,London Brixton,Janet Gonzalez,"Large Speciality Tea - Earl Grey - 1.60, Regular Smoothies - Glowing Greens - 2.00, Regular Speciality Tea - Earl Grey - 1.30",4.9,CASH,
15/04/2025 11:10,London Brixton,Stanley Weafer,"Regular Frappes - Strawberries & Cream - 2.75, Regular Smoothies - Carrot Kick - 2.00, Regular Smoothies - Glowing Greens - 2.00",6.75,CASH,
15/04/2025 11:12,London Brixton,Maxie Yang,"Regular Smoothies - Glowing Greens - 2.00, Large Frappes - Strawberries & Cream - 3.25",5.25,CASH,
15/04/2025 11:14,London Brixton,Tyrone Lancaster,"Regular Smoothies - Glowing Greens - 2.00, Regular Espresso - 1.50",3.5,CARD,6381721272001192
15/04/2025 11:16,London Brixton,Bessie Johnson,Large Hot chocolate - 2.90,2.9,CASH,
15/04/2025 11:17,London Brixton,Charles Hulet,"Large Espresso - 1.80, Large Hot chocolate - 2.90, Regular Smoothies - Glowing Greens - 2.00, Regular Speciality Tea - Earl Grey - 1.30, Large Smoothies - Glowing Greens - 2.50, Regular Smoothies - Glowing Greens - 2.00",12.5,CARD,3032933839045838
15/04/2025 11:19,London Brixton,Francis Redfox,"Regular Smoothies - Carrot Kick - 2.00, Large Frappes - Strawberries & Cream - 3.25, Large Speciality Tea - Earl Grey - 1.60, Large Frappes - Strawberries & Cream - 3.25, Regular Cappuccino - 2.15",12.25,CARD,3692834277450494
15/04/2025 11:21,London Brixton,Maura Jones,"Large Speciality Tea - Earl Grey - 1.60, Large Hot chocolate - 2.90",4.5,CASH,
15/04/2025 11:23,London Brixton,Amy Rivers,"Regular Iced americano - 2.15, Regular Smoothies - Glowing Greens - 2.00, Regular Iced americano - 2.15",6.3,CARD,5190138433485562
15/04/2025 11:25,London Brixton,Robert Hauser,Large Cappuccino - 2.45,2.45,CARD,5480385019900734
15/04/2025 11:27,London Brixton,Andrew Henry,"Large Frappes - Strawberries & Cream - 3.25, Large Speciality Tea - Earl Grey - 1.60, Large Smoothies - Carrot Kick - 2.50",7.35,CASH,
15/04/2025 11:29,London Brixton,Richard Evans,"Large Cappuccino - 2.45, Regular Smoothies - Glowing Greens - 2.00, Regular Speciality Tea - Earl Grey - 1.30, Regular Iced americano - 2.15",7.9,CASH,
15/04/2025 11:31,London Brixton,Janet Donovan,"Large Hot chocolate - 2.90, Large Speciality Tea - Earl Grey - 1.60, Regular Iced americano - 2.15",6.65,CARD,9964737377632978
15/04/2025 11:32,London Brixton,Latonya Hayes,"Large Cappuccino - 2.45, Regular Speciality Tea - Earl Grey - 1.30, Regular Smoothies - Carrot Kick - 2.00, Regular Smoothies - Glowing Greens - 2.00",7.75,CASH,
15/04/2025 11:34,London Brixton,Bradley Ford,"Regular Speciality Tea - Earl Grey - 1.30, Regular Espresso - 1.50",2.8,CASH,
15/04/2025 11:36,London Brixton,Patricia Arnold,"Regular Iced americano - 2.15, Large Hot chocolate - 2.90, Regular Espresso - 1.50",6.55,CASH,
15/04/2025 11:38,London Brixton,Glenn Williams,Regular Espresso - 1.50,1.5,CASH,
15/04/2025 11:40,London Brixton,Curtis Pepper,"Large Iced americano - 2.50, Large Smoothies - Glowing Greens - 2.50, Large Iced americano - 2.50, Large Speciality Tea - Earl Grey - 1.60",9.1,CARD,3425800490230010
15/04/2025 11:42,London Brixton,Christine Craig,"Large Frappes - Strawberries & Cream - 3.25, Large Smoothies - Carrot Kick - 2.50",5.75,CARD,2837116259125479
15/04/2025 11:44,London Brixton,Michael Sayco,"Regular Hot chocolate - 2.20, Large Smoothies - Carrot Kick - 2.50, Large Smoothies - Glowing Greens - 2.50, Regular Smoothies - Glowing Greens - 2.00, Large Speciality Tea - Earl Grey - 1.60, Large Iced americano - 2.50",13.3,CARD,1149832520204089
15/04/2025 11:45,London Brixton,Joel Estes,"Large Hot chocolate - 2.90, Regular Frappes - Strawberries & Cream - 2.75",5.65,CARD,3523563242484956
15/04/2025 11:47,London Brixton,Edward Watson,Large Frappes - Strawberries & Cream - 3.25,3.25,CASH,
15/04/2025 11:49,London Brixton,Raymond Dasilva,"Large Espresso - 1.80, Regular Speciality Tea - Earl Grey - 1.30, Regular Smoothies - Carrot Kick - 2.00, Large Cappuccino - 2.45, Regular Cappuccino - 2.15",9.7,CARD,3249337952193976
15/04/2025 11:51,London Brixton,Ruth Baron,"Regular Smoothies - Glowing Greens - 2.00, Regular Cappuccino - 2.15, Large Speciality Tea - Earl Grey - 1.60",5.75,CARD,2154217607259689
15/04/2025 11:53,London Brixton,John Hardin,"Large Cappuccino - 2.45, Large Espresso - 1.80, Regular Iced americano - 2.15",6.4,CASH,
15/04/2025 11:55,London Brixton,Edward Nelson,"Regular Smoothies - Carrot Kick - 2.00, Large Iced americano - 2.50",4.5,CARD,6265341116064524
15/04/2025 11:57,London Brixton,Carol Stull,Large Frappes - Strawberries & Cream - 3.25,3.25,CARD,2405777051082992
15/04/2025 11:59,London Brixton,Lori Martinez,"Large Smoothies - Glowing Greens - 2.50, Large Iced americano - 2.50, Regular Smoothies - Glowing Greens - 2.00",7.0,CARD,3463300151764573
15/04/2025 12:00,London Brixton,Darrel Charlot,"Regular Smoothies - Glowing Greens - 2.00, Large Hot chocolate - 2.90, Large Cappuccino - 2.45",7.35,CARD,9823500018981499
15/04/2025 12:02,London Brixton,Jessica Roberson,"Regular Cappuccino - 2.15, Regular Hot chocolate - 2.20, Large Speciality Tea - Earl Grey - 1.60, Regular Speciality Tea - Earl Grey - 1.30",7.25,CASH,
15/04/2025 12:04,London Brixton,Steve Firpo,"Regular Smoothies - Carrot Kick - 2.00, Regular Cappuccino - 2.15, Large Iced americano - 2.50",6.65,CARD,6246641395757156
15/04/2025 12:06,London Brixton,David Broglio,"Large Hot chocolate - 2.90, Regular Cappuccino - 2.15, Regular Smoothies - Glowing Greens - 2.00",7.05,CASH,
15/04/2025 12:08,London Brixton,Sammy Steele,"Regular Speciality Tea - Earl Grey - 1.30, Regular Iced americano - 2.15, Large Espresso - 1.80, Regular Iced americano - 2.15",7.4,CARD,2875403031815290
15/04/2025 12:10,London Brixton,David Hager,Large Cappuccino - 2.45,2.45,CARD,3951157162457968
15/04/2025 12:12,London Brixton,Bobbi Walters,"Large Smoothies - Carrot Kick - 2.50, Large Cappuccino - 2.45, Regular Iced americano - 2.15",7.1,CASH,
15/04/2025 12:14,London Brixton,Eugene Hall,"Large Smoothies - Carrot Kick - 2.50, Large Smoothies - Glowing Greens - 2.50, Regular Cappuccino - 2.15, Large Espresso - 1.80",8.95,CARD,7063580342945220
15/04/2025 12:16,London Brixton,Marcella Thompson,"Regular Iced americano - 2.15, Large Frappes - Strawberries & Cream - 3.25, Large Iced americano - 2.50, Regular Smoothies - Glowing Greens - 2.00, Regular Cappuccino - 2.15, Large Cappuccino - 2.45",14.5,CARD,1125598231306271
15/04/2025 12:18,London Brixton,Christopher Vandamme,"Large Espresso - 1.80, Large Smoothies - Carrot Kick - 2.50, Large Speciality Tea - Earl Grey - 1.60, Large Cappuccino - 2.45, Large Frappes - Strawberries & Cream - 3.25",11.6,CARD,8321519059667348
15/04/2025 12:20,London Brixton,Aaron Saulnier,"Large Smoothies - Carrot Kick - 2.50, Regular Hot chocolate - 2.20, Regular Smoothies - Glowing Greens - 2.00, Large Speciality Tea - Earl Grey - 1.60",8.3,CASH,
15/04/2025 12:22,London Brixton,Margaret Neace,"Large Frappes - Strawberries & Cream - 3.25, Large Speciality Tea - Earl Grey - 1.60, Large Espresso - 1.80, Regular Speciality Tea - Earl Grey - 1.30, Large Frappes - Strawberries & Cream - 3.25",11.2,CASH,
15/04/2025 12:24,London Brixton,Juan Roberts,"Regular Hot chocolate - 2.20, Large Hot chocolate - 2.90, Large Speciality Tea - Earl Grey - 1.60, Regular Iced americano - 2.15",8.85,CARD,3447840710083769
15/04/2025 12:26,London Brixton,Blanche Abel,Large Cappuccino - 2.45,2.45,CARD,2416616482346425
15/04/2025 12:27,London Brixton,Hector Kline,"Large Smoothies - Glowing Greens - 2.50, Regular Espresso - 1.50, Regular Cappuccino - 2.15, Regular Cappuccino - 2.15, Regular Cappuccino - 2.15",10.45,CASH,
15/04/2025 12:29,London Brixton,Norma Hines,"Large Speciality Tea - Earl Grey - 1.60, Large Frappes - Strawberries & Cream - 3.25",4.85,CARD,5913948894901784
15/04/2025 12:31,London Brixton,Rachel Gaines,"Large Speciality Tea - Earl Grey - 1.60, Regular Frappes - Strawberries & Cream - 2.75, Large Smoothies - Glowing Greens - 2.50",6.85,CARD,6746242863174214
15/04/2025 12:33,London Brixton,Jason Scowden,"Large Hot chocolate - 2.90, Large Speciality Tea - Earl Grey - 1.60",4.5,CASH,
15/04/2025 12:35,London Brixton,Margaret Williams,"Regular Speciality Tea - Earl Grey - 1.30, Large Frappes - Strawberries & Cream - 3.25, Regular Cappuccino - 2.15",6.7,CARD,1143384201869556
15/04/2025 12:37,London Brixton,Carol Valenzuela,"Large Smoothies - Carrot Kick - 2.50, Large Smoothies - Carrot Kick - 2.50",5.0,CASH,
15/04/2025 12:39,London Brixton,Dolores Gross,"Large Smoothies - Glowing Greens - 2.50, Regular Hot chocolate - 2.20, Large Iced americano - 2.50",7.2,CASH,
15/04/2025 12:41,London Brixton,Debra Downs,"Regular Speciality Tea - Earl Grey - 1.30, Regular Hot chocolate - 2.20, Regular Smoothies - Carrot Kick - 2.00, Regular Speciality Tea - Earl Grey - 1.30, Large Espresso - 1.80",8.6,CARD,4827523161982657
15/04/2025 12:43,London Brixton,Patricia Brooks,"Large Speciality Tea - Earl Grey - 1.60, Regular Speciality Tea - Earl Grey - 1.30, Regular Frappes - Strawberries & Cream - 2.75",5.65,CARD,1213957997090128
15/04/2025 12:45,London Brixton,Tomas Leslie,"Regular Iced americano - 2.15, Large Iced americano - 2.50, Regular Speciality Tea - Earl Grey - 1.30, Regular Speciality Tea - Earl Grey - 1.30",7.25,CASH,
15/04/2025 12:47,London Brixton,Kevin Smith,"Regular Smoothies - Glowing Greens - 2.00, Regular Speciality Tea - Earl Grey - 1.30, Regular Espresso - 1.50",4.8,CARD,5124456087111138
15/04/2025 12:49,London Brixton,James Humble,"Large Hot chocolate - 2.90, Regular Frappes - Strawberries & Cream - 2.75",5.65,CARD,8719589071294376
15/04/2025 12:51,London Brixton,Barbara Mitchell,"Regular Iced americano - 2.15, Regular Smoothies - Glowing Greens - 2.00",4.15,CARD,3791327991000522
15/04/2025 12:53,London Brixton,Dora Yoxall,"Regular Smoothies - Glowing Greens - 2.00, Regular Speciality Tea - Earl Grey - 1.30",3.3,CARD,7636538299207151
15/04/2025 12:55,London Brixton,Margaret Grier,"Regular Speciality Tea - Earl Grey - 1.30, Large Frappes - Strawberries & Cream - 3.25, Regular Hot chocolate - 2.20, Large Iced americano - 2.50",9.25,CARD,6390120170757620
15/04/2025 12:56,London Brixton,Stephanie Taylor,"Regular Cappuccino - 2.15, Regular Espresso - 1.50, Regular Smoothies - Carrot Kick - 2.00",5.65,CARD,5826193245823009
15/04/2025 12:58,London Brixton,Thomas Vaughn,"Large Frappes - Strawberries & Cream - 3.25, Large Iced americano - 2.50, Large Smoothies - Glowing Greens - 2.50, Regular Iced americano - 2.15",10.4,CASH,
15/04/2025 13:00,London Brixton,Hattie Mikasa,"Large Hot chocolate - 2.90, Large Frappes - Strawberries & Cream - 3.25, Regular Smoothies - Carrot Kick - 2.00, Regular Smoothies - Glowing Greens - 2.00, Large Espresso - 1.80",11.95,CASH,
15/04/2025 13:01,London Brixton,William Coleman,Regular Smoothies - Carrot Kick - 2.00,2.0,CARD,7635978050649480
15/04/2025 13:02,London Brixton,Lucy Copeland,"Large Iced americano - 2.50, Regular Speciality Tea - Earl Grey - 1.30",3.8,CARD,1171978766370546
15/04/2025 13:03,London Brixton,Thomas Garney,"Regular Smoothies - Carrot Kick - 2.00, Regular Smoothies - Carrot Kick - 2.00, Large Iced americano - 2.50, Large Frappes - Strawberries & Cream - 3.25",9.75,CASH,
15/04/2025 13:04,London Brixton,Robert Riley,"Large Frappes - Strawberries & Cream - 3.25, Large Speciality Tea - Earl Grey - 1.60",4.85,CARD,7439334951959497
15/04/2025 13:05,London Brixton,Denise Wiersema,"Large Iced americano - 2.50, Large Frappes - Strawberries & Cream - 3.25, Regular Cappuccino - 2.15",7.9,CARD,5475451796528590
15/04/2025 13:06,London Brixton,Lewis Bonin,"Large Iced americano - 2.50, Large Speciality Tea - Earl Grey - 1.60",4.1,CARD,2721715920091712
15/04/2025 13:07,London Brixton,Kathryn Setzer,"Regular Espresso - 1.50, Large Iced americano - 2.50",4.0,CARD,9225036642953471
15/04/2025 13:08,London Brixton,Matthew Calkins,"Regular Speciality Tea - Earl Grey - 1.30, Large Cappuccino - 2.45",3.75,CARD,5038628680651510
15/04/2025 13:09,London Brixton,Mary Tyler,Large Smoothies - Carrot Kick - 2.50,2.5,CARD,2308602108275932
15/04/2025 13:09,London Brixton,George Robles,Regular Smoothies - Glowing Greens - 2.00,2.0,CASH,
15/04/2025 13:10,London Brixton,Bernard Whitmire,"Regular Espresso - 1.50, Large Frappes - Strawberries & Cream - 3.25, Large Cappuccino - 2.45",7.2,CASH,
15/04/2025 13:11,London Brixton,Stephen Colucci,Large Smoothies - Glowing Greens - 2.50,2.5,CASH,
15/04/2025 13:12,London Brixton,Steven Mitchell,"Large Espresso - 1.80, Regular Speciality Tea - Earl Grey - 1.30, Large Hot chocolate - 2.90, Large Speciality Tea - Earl Grey - 1.60",7.6,CARD,9884602241739989
15/04/2025 13:13,London Brixton,Susan Hernandez,Regular Smoothies - Glowing Greens - 2.00,2.0,CARD,7786893838020992
15/04/2025 13:14,London Brixton,Joseph Plummer,"Large Iced americano - 2.50, Regular Iced americano - 2.15",4.65,CARD,4144708800161513
15/04/2025 13:15,London Brixton,Tina Ford,"Regular Speciality Tea - Earl Grey - 1.30, Regular Frappes - Strawberries & Cream - 2.75",4.05,CARD,9561510127760480
15/04/2025 13:16,London Brixton,Emile Bunting,"Regular Frappes - Strawberries & Cream - 2.75, Regular Smoothies - Carrot Kick - 2.00",4.75,CASH,
15/04/2025 13:17,London Brixton,Beverly Finch,"Large Iced americano - 2.50, Regular Smoothies - Glowing Greens - 2.00",4.5,CARD,3000491583179512
15/04/2025 13:18,London Brixton,Debra Coakley,"Regular Espresso - 1.50, Large Iced americano - 2.50, Regular Frappes - Strawberries & Cream - 2.75, Regular Speciality Tea - Earl Grey - 1.30",8.05,CARD,7975499775879304
15/04/2025 13:19,London Brixton,Terrell Gonzalez,"Regular Espresso - 1.50, Large Hot chocolate - 2.90, Large Iced americano - 2.50, Regular Frappes - Strawberries & Cream - 2.75, Large Hot chocolate - 2.90",12.55,CASH,
15/04/2025 13:20,London Brixton,Richard Schaefer,"Large Frappes - Strawberries & Cream - 3.25, Large Frappes - Strawberries & Cream - 3.25, Regular Cappuccino - 2.15, Large Espresso - 1.80",10.45,CARD,9368656058612410
15/04/2025 13:20,London Brixton,Kathryn Terry,"Regular Iced americano - 2.15, Large Frappes - Strawberries & Cream - 3.25",5.4,CASH,
15/04/2025 13:21,London Brixton,Alexis Silva,"Large Speciality Tea - Earl Grey - 1.60, Large Smoothies - Glowing Greens - 2.50, Regular Iced americano - 2.15, Large Smoothies - Glowing Greens - 2.50, Large Smoothies - Carrot Kick - 2.50",11.25,CARD,4919464235187244
15/04/2025 13:22,London Brixton,Michelle Stephens,"Large Cappuccino - 2.45, Regular Smoothies - Glowing Greens - 2.00, Regular Cappuccino - 2.15, Regular Smoothies - Carrot Kick - 2.00",8.6,CARD,9533747564063692
15/04/2025 13:23,London Brixton,Alex Wright,"Regular Frappes - Strawberries & Cream - 2.75, Large Cappuccino - 2.45",5.2,CARD,9898238654762757
15/04/2025 13:24,London Brixton,Nicholas Williams,"Regular Smoothies - Glowing Greens - 2.00, Large Cappuccino - 2.45",4.45,CARD,1381380957741680
15/04/2025 13:25,London Brixton,Anthony Christensen,"Regular Iced americano - 2.15, Regular Hot chocolate - 2.20",4.35,CARD,3863698442251861
15/04/2025 13:26,London Brixton,Tamala Garcia,Large Iced americano - 2.50,2.5,CARD,5289342972609513
15/04/2025 13:27,London Brixton,Martin Snyder,Regular Iced americano - 2.15,2.15,CASH,
15/04/2025 13:28,London Brixton,Crystal Micucci,"Regular Smoothies - Carrot Kick - 2.00, Regular Cappuccino - 2.15",4.15,CARD,6017421882240574
15/04/2025 13:29,London Brixton,Catalina Cassidy,"Regular Speciality Tea - Earl Grey - 1.30, Large Speciality Tea - Earl Grey - 1.60",2.9,CARD,8518859636198535
15/04/2025 13:30,London Brixton,Ruth Brunson,"Large Smoothies - Glowing Greens - 2.50, Large Hot chocolate - 2.90",5.4,CARD,2727641928332831
15/04/2025 13:31,London Brixton,Nathaniel Peterson,"Large Cappuccino - 2.45, Large Smoothies - Glowing Greens - 2.50, Regular Smoothies - Glowing Greens - 2.00",6.95,CARD,5865548716684817
15/04/2025 13:31,London Brixton,Dorothy Jewett,"Large Speciality Tea - Earl Grey - 1.60, Large Smoothies - Glowing Greens - 2.50",4.1,CASH,
15/04/2025 13:32,London Brixton,Anne Jackson,Regular Cappuccino - 2.15,2.15,CARD,8696168949530909
15/04/2025 13:33,London Brixton,Karen Greene,Large Smoothies - Glowing Greens - 2.50,2.5,CARD,4853893619751204
15/04/2025 13:34,London Brixton,Dexter Blane,Large Espresso - 1.80,1.8,CASH,
15/04/2025 13:35,London Brixton,Peter Pierce,Large Smoothies - Glowing Greens - 2.50,2.5,CASH,
15/04/2025 13:36,London Brixton,Margaret Bourgeois,"Large Frappes - Strawberries & Cream - 3.25, Large Espresso - 1.80",5.05,CASH,
15/04/2025 13:37,London Brixton,Jose Kulesa,Large Hot chocolate - 2.90,2.9,CASH,
15/04/2025 13:38,London Brixton,Richard Wilson,"Large Speciality Tea - Earl Grey - 1.60, Large Hot chocolate - 2.90, Regular Hot chocolate - 2.20, Regular Smoothies - Glowing Greens - 2.00, Large Smoothies - Carrot Kick - 2.50, Large Iced americano - 2.50",13.7,CARD,4276734723423738
15/04/2025 13:39,London Brixton,Victor Davis,Regular Speciality Tea - Earl Grey - 1.30,1.3,CARD,5621612620690248
15/04/2025 13:40,London Brixton,Willie Nussbaum,"Regular Hot chocolate - 2.20, Regular Hot chocolate - 2.20",4.4,CARD,2271711926297795
15/04/2025 13:41,London Brixton,Lavonne Robles,Regular Smoothies - Carrot Kick - 2.00,2.0,CARD,1488705232191623
15/04/2025 13:42,London Brixton,Karri Mitchell,"Regular Smoothies - Glowing Greens - 2.00, Regular Smoothies - Carrot Kick - 2.00, Large Frappes - Strawberries & Cream - 3.25, Regular Speciality Tea - Earl Grey - 1.30, Large Cappuccino - 2.45, Large Frappes - Strawberries & Cream - 3.25",14.25,CARD,6708210575630274
15/04/2025 13:42,London Brixton,Agnes Kopp,"Regular Smoothies - Glowing Greens - 2.00, Large Iced americano - 2.50, Regular Hot chocolate - 2.20, Regular Iced americano - 2.15, Regular Speciality Tea - Earl Grey - 1.30",10.15,CARD,8681627209690890
15/04/2025 13:43,London Brixton,Vicente Brooks,"Regular Speciality Tea - Earl Grey - 1.30, Large Iced americano - 2.50",3.8,CASH,
15/04/2025 13:44,London Brixton,Tracy Rodriguez,"Large Espresso - 1.80, Regular Cappuccino - 2.15",3.95,CARD,2008110565651069
15/04/2025 13:45,London Brixton,Joshua Booth,Large Iced americano - 2.50,2.5,CARD,9990664522132957
15/04/2025 13:46,London Brixton,Michael Weaver,Large Cappuccino - 2.45,2.45,CASH,
15/04/2025 13:47,London Brixton,David Sheffield,"Regular Cappuccino - 2.15, Large Cappuccino - 2.45",4.6,CASH,
15/04/2025 13:48,London Brixton,John Redwine,Large Cappuccino - 2.45,2.45,CARD,1976736391745086
15/04/2025 13:49,London Brixton,Chris Cotto,"Large Speciality Tea - Earl Grey - 1.60, Large Iced americano - 2.50, Regular Smoothies - Carrot Kick - 2.00, Large Smoothies - Glowing Greens - 2.50, Large Speciality Tea - Earl Grey - 1.60",10.2,CASH,
15/04/2025 13:50,London Brixton,Lester Echols,"Regular Hot chocolate - 2.20, Large Smoothies - Glowing Greens - 2.50, Large Cappuccino - 2.45",7.15,CARD,4565014316957118
15/04/2025 13:51,London Brixton,Donald Thigpen,"Large Espresso - 1.80, Large Smoothies - Glowing Greens - 2.50, Regular Hot chocolate - 2.20, Regular Espresso - 1.50, Regular Hot chocolate - 2.20",10.2,CASH,
15/04/2025 13:52,London Brixton,John Weaver,"Regular Iced americano - 2.15, Regular Espresso - 1.50, Large Hot chocolate - 2.90, Regular Iced americano - 2.15, Regular Espresso - 1.50",10.2,CARD,3212108923256041
15/04/2025 13:53,London Brixton,Gerald Larkey,"Large Smoothies - Glowing Greens - 2.50, Large Smoothies - Glowing Greens - 2.50, Large Cappuccino - 2.45, Large Speciality Tea - Earl Grey - 1.60",9.05,CARD,9373836234086515
15/04/2025 13:53,London Brixton,Octavia Hendrickson,Regular Espresso - 1.50,1.5,CARD,7721123494659958
15/04/2025 13:54,London Brixton,Bruce Mccreary,"Regular Hot chocolate - 2.20, Large Iced americano - 2.50, Regular Iced americano - 2.15, Regular Frappes - Strawberries & Cream - 2.75, Large Smoothies - Glowing Greens - 2.50, Regular Frappes - Strawberries & Cream - 2.75",14.85,CARD,2936414512586079
15/04/2025 13:55,London Brixton,Isela Morris,"Regular Espresso - 1.50, Large Smoothies - Glowing Greens - 2.50",4.0,CARD,9491084819876761
15/04/2025 13:56,London Brixton,Esperanza Camp,Regular Smoothies - Glowing Greens - 2.00,2.0,CARD,8240664867564027
15/04/2025 13:57,London Brixton,Margaret Sherman,"Large Smoothies - Glowing Greens - 2.50, Regular Speciality Tea - Earl Grey - 1.30, Regular Iced americano - 2.15",5.95,CASH,
15/04/2025 13:58,London Brixton,Amelia Hoogland,"Large Espresso - 1.80, Regular Espresso - 1.50, Regular Speciality Tea - Earl Grey - 1.30, Large Frappes - Strawberries & Cream - 3.25, Regular Cappuccino - 2.15",10.0,CARD,8962202691323015
15/04/2025 13:59,London Brixton,Joseph Johnson,"Large Hot chocolate - 2.90, Large Speciality Tea - Earl Grey - 1.60, Regular Smoothies - Glowing Greens - 2.00, Large Espresso - 1.80",8.3,CARD,6899601069543806
15/04/2025 14:00,London Brixton,Christopher Wahl,Large Smoothies - Glowing Greens - 2.50,2.5,CASH,
15/04/2025 14:01,London Brixton,Barbara Williams,"Regular Smoothies - Glowing Greens - 2.00, Regular Smoothies - Glowing Greens - 2.00, Regular Iced americano - 2.15",6.15,CASH,
15/04/2025 14:02,London Brixton,Bobby Sudbury,"Large Smoothies - Glowing Greens - 2.50, Large Speciality Tea - Earl Grey - 1.60, Large Hot chocolate - 2.90",7.0,CARD,5965576100487198
15/04/2025 14:03,London Brixton,David Weichel,"Regular Hot chocolate - 2.20, Regular Cappuccino - 2.15, Large Frappes - Strawberries & Cream - 3.25",7.6,CASH,
15/04/2025 14:04,London Brixton,Daniel Valenzuela,"Large Smoothies - Glowing Greens - 2.50, Large Frappes - Strawberries & Cream - 3.25, Large Espresso - 1.80, Large Speciality Tea - Earl Grey - 1.60, Regular Espresso - 1.50",10.65,CASH,
15/04/2025 14:05,London Brixton,Dorothy Miller,"Large Iced americano - 2.50, Regular Iced americano - 2.15, Large Smoothies - Carrot Kick - 2.50, Regular Espresso - 1.50, Large Iced americano - 2.50",11.15,CASH,
15/04/2025 14:06,London Brixton,Rose Shaffer,"Large Iced americano - 2.50, Regular Cappuccino - 2.15",4.65,CARD,6629078693861262
15/04/2025 14:07,London Brixton,Eddie Jordan,"Large Frappes - Strawberries & Cream - 3.25, Large Iced americano - 2.50",5.75,CARD,4333320736084883
15/04/2025 14:08,London Brixton,Dorothy Mccollum,Large Smoothies - Carrot Kick - 2.50,2.5,CARD,4618333144202851
15/04/2025 14:09,London Brixton,Kathy Mustard,"Regular Espresso - 1.50, Regular Speciality Tea - Earl Grey - 1.30, Regular Speciality Tea - Earl Grey - 1.30, Regular Cappuccino - 2.15, Regular Smoothies - Glowing Greens - 2.00, Large Hot chocolate - 2.90",11.15,CARD,6874634334368780
15/04/2025 14:10,London Brixton,Angela Thornton,Regular Speciality Tea - Earl Grey - 1.30,1.3,CASH,
15/04/2025 14:11,London Brixton,Michael Bohn,"Regular Hot chocolate - 2.20, Large Hot chocolate - 2.90",5.1,CARD,4089139640270975
15/04/2025 14:12,London Brixton,Harriet Wray,"Large Smoothies - Glowing Greens - 2.50, Regular Frappes - Strawberries & Cream - 2.75, Regular Speciality Tea - Earl Grey - 1.30, Regular Smoothies - Glowing Greens - 2.00, Large Speciality Tea - Earl Grey - 1.60, Large Smoothies - Carrot Kick - 2.50",12.65,CASH,
15/04/2025 14:13,London Brixton,Paul Holguin,"Large Cappuccino - 2.45, Regular Cappuccino - 2.15",4.6,CARD,8382833021920719
15/04/2025 14:14,London Brixton,Sara Hoff,"Large Speciality Tea - Earl Grey - 1.60, Regular Cappuccino - 2.15",3.75,CARD,9692832799307304
15/04/2025 14:15,London Brixton,Emma Moore,Large Cappuccino - 2.45,2.45,CARD,3956809209582306
15/04/2025 14:16,London Brixton,Fred Crawford,"Regular Frappes - Strawberries & Cream - 2.75, Regular Smoothies - Glowing Greens - 2.00, Regular Smoothies - Carrot Kick - 2.00, Large Espresso - 1.80, Large Speciality Tea - Earl Grey - 1.60, Large Speciality Tea - Earl Grey - 1.60",11.75,CARD,6242086623071150
15/04/2025 14:17,London Brixton,Sidney Thompson,Large Speciality Tea - Earl Grey - 1.60,1.6,CARD,5310118329456240
15/04/2025 14:18,London Brixton,Todd Jensen,"Regular Smoothies - Carrot Kick - 2.00, Regular Smoothies - Carrot Kick - 2.00, Regular Hot chocolate - 2.20, Large Cappuccino - 2.45, Large Hot chocolate - 2.90, Regular Smoothies - Glowing Greens - 2.00",13.55,CARD,8646195033928050
15/04/2025 14:19,London Brixton,Harrison Driskell,"Regular Iced americano - 2.15, Large Iced americano - 2.50",4.65,CARD,5011094707866760
15/04/2025 14:20,London Brixton,Tammy Montague,"Large Espresso - 1.80, Large Cappuccino - 2.45, Regular Cappuccino - 2.15",6.4,CASH,
15/04/2025 14:21,London Brixton,Velda Young,Regular Espresso - 1.50,1.5,CARD,3083049795539421
15/04/2025 14:22,London Brixton,Joel Harris,"Regular Smoothies - Glowing Greens - 2.00, Large Cappuccino - 2.45, Large Hot chocolate - 2.90, Regular Hot chocolate - 2.20, Regular Hot chocolate - 2.20",11.75,CASH,
15/04/2025 14:23,London Brixton,Janice Thorne,"Large Smoothies - Glowing Greens - 2.50, Large Espresso - 1.80",4.3,CARD,7553564622713925
15/04/2025 14:23,London Brixton,Carol Austin,Large Speciality Tea - Earl Grey - 1.60,1.6,CARD,8666505821232404
15/04/2025 14:24,London Brixton,Leonard Espinoza,"Regular Espresso - 1.50, Regular Iced americano - 2.15, Regular Cappuccino - 2.15, Regular Speciality Tea - Earl Grey - 1.30, Regular Frappes - Strawberries & Cream - 2.75",9.85,CASH,
15/04/2025 14:25,London Brixton,Jenny Carvajal,"Regular Smoothies - Carrot Kick - 2.00, Large Speciality Tea - Earl Grey - 1.60",3.6,CARD,1142899638660662
15/04/2025 14:26,London Brixton,Frederick Oshita,"Large Hot chocolate - 2.90, Large Cappuccino - 2.45",5.35,CARD,3374131818706702
15/04/2025 14:27,London Brixton,Richard Burns,"Large Hot chocolate - 2.90, Regular Smoothies - Carrot Kick - 2.00, Regular Frappes - Strawberries & Cream - 2.75, Large Cappuccino - 2.45, Regular Espresso - 1.50",11.6,CARD,1295218102306166
15/04/2025 14:28,London Brixton,Lane Kramer,Regular Cappuccino - 2.15,2.15,CASH,
15/04/2025 14:29,London Brixton,Paul Unger,"Large Speciality Tea - Earl Grey - 1.60, Regular Smoothies - Glowing Greens - 2.00, Regular Smoothies - Carrot Kick - 2.00, Large Frappes - Strawberries & Cream - 3.25, Large Iced americano - 2.50",11.35,CARD,5585108927220617
15/04/2025 14:30,London Brixton,Melvin Orr,"Regular Cappuccino - 2.15, Large Frappes - Strawberries & Cream - 3.25",5.4,CARD,5020440100852792
15/04/2025 14:31,London Brixton,Aisha Engel,"Regular Smoothies - Carrot Kick - 2.00, Regular Speciality Tea - Earl Grey - 1.30, Regular Frappes - Strawberries & Cream - 2.75, Large Hot chocolate - 2.90, Regular Smoothies - Glowing Greens - 2.00",10.95,CARD,3385876096495356
15/04/2025 14:32,London Brixton,Lora Porterfield,"Large Iced americano - 2.50, Regular Smoothies - Glowing Greens - 2.00",4.5,CASH,
15/04/2025 14:33,London Brixton,Dennis Wallace,"Large Speciality Tea - Earl Grey - 1.60, Regular Frappes - Strawberries & Cream - 2.75, Large Iced americano - 2.50, Large Smoothies - Carrot Kick - 2.50",9.35,CARD,1400755922432427
15/04/2025 14:34,London Brixton,Mark Gray,"Regular Frappes - Strawberries & Cream - 2.75, Large Smoothies - Glowing Greens - 2.50, Regular Speciality Tea - Earl Grey - 1.30",6.55,CARD,8973370780373405
15/04/2025 14:35,London Brixton,James Mendez,"Large Cappuccino - 2.45, Regular Smoothies - Glowing Greens - 2.00, Large Smoothies - Carrot Kick - 2.50, Large Cappuccino - 2.45, Regular Smoothies - Glowing Greens - 2.00",11.4,CARD,5744112934826220
15/04/2025 14:36,London Brixton,John Key,"Regular Speciality Tea - Earl Grey - 1.30, Large Hot chocolate - 2.90, Large Iced americano - 2.50, Large Frappes - Strawberries & Cream - 3.25",9.95,CARD,9312278108095413
15/04/2025 14:37,London Brixton,Arlene Harris,"Large Smoothies - Carrot Kick - 2.50, Regular Cappuccino - 2.15",4.65,CARD,9898635827470218
15/04/2025 14:38,London Brixton,Mark Barnes,"Large Cappuccino - 2.45, Large Frappes - Strawberries & Cream - 3.25, Regular Hot chocolate - 2.20, Large Cappuccino - 2.45",10.35,CARD,8964013193795754
15/04/2025 14:39,London Brixton,Lajuana Ocasio,"Regular Frappes - Strawberries & Cream - 2.75, Large Hot chocolate - 2.90",5.65,CARD,3712319134943068
15/04/2025 14:40,London Brixton,Jared Forsmark,"Regular Espresso - 1.50, Regular Espresso - 1.50, Large Cappuccino - 2.45",5.45,CARD,2226846732990781
15/04/2025 14:41,London Brixton,Harvey Pizarro,"Regular Hot chocolate - 2.20, Large Smoothies - Glowing Greens - 2.50",4.7,CASH,
15/04/2025 14:42,London Brixton,Janet Newmark,"Regular Smoothies - Carrot Kick - 2.00, Regular Smoothies - Glowing Greens - 2.00, Large Iced americano - 2.50, Large Iced americano - 2.50, Regular Iced americano - 2.15",11.15,CASH,
15/04/2025 14:43,London Brixton,Coleen Lingle,"Large Iced americano - 2.50, Large Hot chocolate - 2.90",5.4,CARD,4298722285159689
15/04/2025 14:44,London Brixton,Melvin Soucy,"Regular Iced americano - 2.15, Large Hot chocolate - 2.90",5.05,CARD,8409324894283600
15/04/2025 14:45,London Brixton,Jason Myers,"Regular Frappes - Strawberries & Cream - 2.75, Large Iced americano - 2.50",5.25,CARD,4017980513571939
15/04/2025 14:46,London Brixton,Fernando Cole,"Large Frappes - Strawberries & Cream - 3.25, Large Hot chocolate - 2.90, Large Hot chocolate - 2.90, Large Cappuccino - 2.45, Regular Iced americano - 2.15",13.65,CARD,2059811154325243
15/04/2025 14:47,London Brixton,Denise Neri,"Regular Cappuccino - 2.15, Regular Speciality Tea - Earl Grey - 1.30, Regular Cappuccino - 2.15",5.6,CARD,4855661957266340
15/04/2025 14:48,London Brixton,Glenn Cole,"Large Frappes - Strawberries & Cream - 3.25, Regular Frappes - Strawberries & Cream - 2.75, Regular Iced americano - 2.15",8.15,CASH,
15/04/2025 14:49,London Brixton,Arlene Carter,"Regular Espresso - 1.50, Large Espresso - 1.80, Regular Espresso - 1.50, Large Smoothies - Carrot Kick - 2.50",7.3,CARD,5137790899570010
15/04/2025 14:50,London Brixton,Madeline Whitlow,Regular Espresso - 1.50,1.5,CASH,
15/04/2025 14:51,London Brixton,Joseph Oberry,"Large Smoothies - Carrot Kick - 2.50, Large Speciality Tea - Earl Grey - 1.60",4.1,CARD,6155166963314669
15/04/2025 14:52,London Brixton,Josphine Johns,"Regular Smoothies - Carrot Kick - 2.00, Regular Speciality Tea - Earl Grey - 1.30, Regular Cappuccino - 2.15, Large Frappes - Strawberries & Cream - 3.25",8.7,CASH,
15/04/2025 14:53,London Brixton,Keith Bryant,"Regular Smoothies - Carrot Kick - 2.00, Regular Smoothies - Carrot Kick - 2.00, Regular Frappes - Strawberries & Cream - 2.75, Large Smoothies - Glowing Greens - 2.50, Large Iced americano - 2.50, Regular Smoothies - Carrot Kick - 2.00",13.75,CASH,
15/04/2025 14:54,London Brixton,Lisa Moody,"Large Speciality Tea - Earl Grey - 1.60, Large Hot chocolate - 2.90, Large Frappes - Strawberries & Cream - 3.25",7.75,CARD,7827103267050529
15/04/2025 14:55,London Brixton,Steven Ventura,"Regular Smoothies - Carrot Kick - 2.00, Large Cappuccino - 2.45",4.45,CARD,7244432045832794
15/04/2025 14:56,London Brixton,Gary Williams,Large Smoothies - Glowing Greens - 2.50,2.5,CARD,9647812990378687
15/04/2025 14:57,London Brixton,Kristie Bogar,"Regular Smoothies - Carrot Kick - 2.00, Regular Smoothies - Carrot Kick - 2.00, Large Smoothies - Glowing Greens - 2.50, Regular Cappuccino - 2.15, Large Smoothies - Glowing Greens - 2.50",11.15,CARD,9665613881058697
15/04/2025 14:58,London Brixton,Derek Scipio,"Regular Hot chocolate - 2.20, Regular Espresso - 1.50, Large Speciality Tea - Earl Grey - 1.60, Large Hot chocolate - 2.90, Large Speciality Tea - Earl Grey - 1.60, Large Speciality Tea - Earl Grey - 1.60",11.4,CARD,4533353361207363
15/04/2025 14:59,London Brixton,Eric Waddell,"Regular Iced americano - 2.15, Large Speciality Tea - Earl Grey - 1.60, Large Cappuccino - 2.45, Large Smoothies - Glowing Greens - 2.50, Large Frappes - Strawberries & Cream - 3.25",11.95,CARD,6054568116666784
15/04/2025 15:00,London Brixton,Michael Joyner,"Large Smoothies - Glowing Greens - 2.50, Regular Smoothies - Carrot Kick - 2.00, Regular Iced americano - 2.15, Regular Smoothies - Carrot Kick - 2.00, Regular Cappuccino - 2.15",10.8,CARD,8302393422829499
15/04/2025 15:02,London Brixton,Frances Canada,Regular Iced americano - 2.15,2.15,CARD,7154451703375233
15/04/2025 15:03,London Brixton,Doug Foster,"Regular Speciality Tea - Earl Grey - 1.30, Large Frappes - Strawberries & Cream - 3.25, Large Cappuccino - 2.45, Regular Iced americano - 2.15",9.15,CARD,7840124526184060
15/04/2025 15:05,London Brixton,Fredrick Dupre,Large Espresso - 1.80,1.8,CARD,8691667587311213
15/04/2025 15:07,London Brixton,Debra Dimmick,"Regular Espresso - 1.50, Large Iced americano - 2.50, Large Speciality Tea - Earl Grey - 1.60",5.6,CASH,
15/04/2025 15:08,London Brixton,Margarete Greer,Regular Hot chocolate - 2.20,2.2,CARD,3236212472425532
15/04/2025 15:10,London Brixton,Margaret Perez,Regular Hot chocolate - 2.20,2.2,CARD,6972754911923253
15/04/2025 15:12,London Brixton,Mark Kerrigan,"Large Smoothies - Glowing Greens - 2.50, Regular Frappes - Strawberries & Cream - 2.75, Large Espresso - 1.80",7.05,CASH,
15/04/2025 15:14,London Brixton,Frances Heizman,"Regular Speciality Tea - Earl Grey - 1.30, Large Iced americano - 2.50",3.8,CASH,
15/04/2025 15:15,London Brixton,Margaret Mckee,"Regular Smoothies - Glowing Greens - 2.00, Large Smoothies - Glowing Greens - 2.50, Regular Speciality Tea - Earl Grey - 1.30, Regular Frappes - Strawberries & Cream - 2.75",8.55,CARD,6267106040844967
15/04/2025 15:17,London Brixton,Billie Bullman,"Regular Espresso - 1.50, Regular Smoothies - Glowing Greens - 2.00",3.5,CARD,4966034341782593
15/04/2025 15:19,London Brixton,Dorothy Packer,"Large Smoothies - Carrot Kick - 2.50, Large Frappes - Strawberries & Cream - 3.25",5.75,CARD,9668579171860148
15/04/2025 15:20,London Brixton,Scott Keith,"Regular Hot chocolate - 2.20, Large Hot chocolate - 2.90, Regular Iced americano - 2.15, Regular Iced americano - 2.15, Large Speciality Tea - Earl Grey - 1.60",11.0,CASH,
15/04/2025 15:22,London Brixton,Tricia Mcdaniels,"Large Hot chocolate - 2.90, Large Speciality Tea - Earl Grey - 1.60, Regular Speciality Tea - Earl Grey - 1.30",5.8,CASH,
15/04/2025 15:24,London Brixton,Dong Clare,"Large Smoothies - Carrot Kick - 2.50, Regular Smoothies - Glowing Greens - 2.00, Regular Smoothies - Carrot Kick - 2.00, Large Espresso - 1.80",8.3,CARD,1670590449036739
15/04/2025 15:25,London Brixton,Scott Martinez,"Regular Smoothies - Carrot Kick - 2.00, Large Smoothies - Carrot Kick - 2.50, Regular Hot chocolate - 2.20, Large Speciality Tea - Earl Grey - 1.60",8.3,CARD,3238235063624367
15/04/2025 15:27,London Brixton,Curtis Brown,"Regular Hot chocolate - 2.20, Large Espresso - 1.80",4.0,CARD,5564239492023186
15/04/2025 15:29,London Brixton,Janet Serra,Regular Hot chocolate - 2.20,2.2,CARD,9155386039366845
15/04/2025 15:31,London Brixton,Andrea Eakin,Large Iced americano - 2.50,2.5,CARD,9815443880026482
15/04/2025 15:32,London Brixton,Mary Malkin,"Regular Speciality Tea - Earl Grey - 1.30, Large Iced americano - 2.50, Large Frappes - Strawberries & Cream - 3.25, Large Espresso - 1.80",8.85,CARD,8134012086687552
15/04/2025 15:34,London Brixton,Sherry Poitier,"Regular Hot chocolate - 2.20, Regular Smoothies - Glowing Greens - 2.00, Large Speciality Tea - Earl Grey - 1.60, Large Iced americano - 2.50",8.3,CASH,
15/04/2025 15:36,London Brixton,Thomas Cover,"Regular Smoothies - Carrot Kick - 2.00, Regular Frappes - Strawberries & Cream - 2.75, Large Cappuccino - 2.45, Regular Espresso - 1.50",8.7,CASH,
15/04/2025 15:37,London Brixton,Laura Rogers,"Regular Iced americano - 2.15, Large Smoothies - Carrot Kick - 2.50, Large Smoothies - Carrot Kick - 2.50, Regular Speciality Tea - Earl Grey - 1.30",8.45,CASH,
15/04/2025 15:39,London Brixton,James Dahms,Large Smoothies - Carrot Kick - 2.50,2.5,CASH,
15/04/2025 15:41,London Brixton,Marcus Jennins,Large Espresso - 1.80,1.8,CARD,3811069162213832
15/04/2025 15:42,London Brixton,Maria Wilson,"Regular Espresso - 1.50, Large Hot chocolate - 2.90, Large Smoothies - Carrot Kick - 2.50",6.9,CARD,5326178995077965
15/04/2025 15:44,London Brixton,Crystal Bull,"Regular Iced americano - 2.15, Large Cappuccino - 2.45, Large Smoothies - Carrot Kick - 2.50",7.1,CARD,4130220052982528
15/04/2025 15:46,London Brixton,Allan Smith,"Large Cappuccino - 2.45, Large Smoothies - Glowing Greens - 2.50",4.95,CARD,5079900089102085
15/04/2025 15:48,London Brixton,Joan Ross,Large Iced americano - 2.50,2.5,CASH,
15/04/2025 15:49,London Brixton,Kristy Harrington,Regular Smoothies - Glowing Greens - 2.00,2.0,CARD,6772310559539161
15/04/2025 15:51,London Brixton,Susan Ryerson,"Regular Frappes - Strawberries & Cream - 2.75, Regular Cappuccino - 2.15",4.9,CASH,
15/04/2025 15:53,London Brixton,Juan Diaz,Regular Iced americano - 2.15,2.15,CARD,1799488842674022
15/04/2025 15:54,London Brixton,Joann Pena,Regular Cappuccino - 2.15,2.15,CASH,
15/04/2025 15:56,London Brixton,Maria Wright,Large Hot chocolate - 2.90,2.9,CARD,4552806318947797
15/04/2025 15:58,London Brixton,Hector Kopacz,"Large Smoothies - Glowing Greens - 2.50, Large Iced americano - 2.50, Regular Cappuccino - 2.15, Large Smoothies - Glowing Greens - 2.50, Regular Speciality Tea - Earl Grey - 1.30",10.95,CARD,4231303010619194
15/04/2025 16:00,London Brixton,Daniel Swindell,Large Speciality Tea - Earl Grey - 1.60,1.6,CASH,
15/04/2025 16:03,London Brixton,James Whittaker,"Large Smoothies - Glowing Greens - 2.50, Regular Hot chocolate - 2.20, Regular Hot chocolate - 2.20, Regular Smoothies - Glowing Greens - 2.00",8.9,CASH,
15/04/2025 16:06,London Brixton,Catherine Vinson,Regular Speciality Tea - Earl Grey - 1.30,1.3,CASH,
15/04/2025 16:09,London Brixton,Craig Blankenship,"Large Frappes - Strawberries & Cream - 3.25, Regular Cappuccino - 2.15",5.4,CASH,
15/04/2025 16:12,London Brixton,Joyce Lewis,"Large Smoothies - Glowing Greens - 2.50, Large Smoothies - Carrot Kick - 2.50, Regular Espresso - 1.50, Large Smoothies - Glowing Greens - 2.50",9.0,CARD,6973466214325159
15/04/2025 16:15,London Brixton,Dena Spencer,"Regular Speciality Tea - Earl Grey - 1.30, Regular Smoothies - Carrot Kick - 2.00, Regular Speciality Tea - Earl Grey - 1.30",4.6,CASH,
15/04/2025 16:18,London Brixton,Jeanette Thomas,"Regular Smoothies - Glowing Greens - 2.00, Regular Frappes - Strawberries & Cream - 2.75, Large Cappuccino - 2.45, Large Speciality Tea - Earl Grey - 1.60, Large Smoothies - Carrot Kick - 2.50, Large Frappes - Strawberries & Cream - 3.25",14.55,CASH,
15/04/2025 16:22,London Brixton,Carol Davis,"Regular Iced americano - 2.15, Large Cappuccino - 2.45, Regular Speciality Tea - Earl Grey - 1.30, Large Smoothies - Carrot Kick - 2.50, Large Speciality Tea - Earl Grey - 1.60",10.0,CARD,2968427579535720
15/04/2025 16:25,London Brixton,Jeanmarie Gray,Regular Hot chocolate - 2.20,2.2,CARD,2369383061863207
15/04/2025 16:28,London Brixton,Betty Patrick,"Large Speciality Tea - Earl Grey - 1.60, Regular Speciality Tea - Earl Grey - 1.30, Regular Hot chocolate - 2.20",5.1,CARD,3316903178550538
15/04/2025 16:31,London Brixton,Lillian Ramsey,"Regular Iced americano - 2.15, Regular Smoothies - Glowing Greens - 2.00, Regular Smoothies - Carrot Kick - 2.00",6.15,CARD,7471820431477634
15/04/2025 16:34,London Brixton,Jeff Heaps,"Regular Hot chocolate - 2.20, Regular Frappes - Strawberries & Cream - 2.75",4.95,CARD,8017305841809474
15/04/2025 16:37,London Brixton,April Martin,Large Smoothies - Carrot Kick - 2.50,2.5,CARD,1313689808250359
15/04/2025 16:40,London Brixton,Margo Thornburg,"Regular Frappes - Strawberries & Cream - 2.75, Regular Speciality Tea - Earl Grey - 1.30, Large Smoothies - Carrot Kick - 2.50",6.55,CARD,5620596608928548
15/04/2025 16:44,London Brixton,Annie West,Regular Smoothies - Carrot Kick - 2.00,2.0,CASH,
15/04/2025 16:47,London Brixton,Brian Thurston,"Regular Espresso - 1.50, Large Frappes - Strawberries & Cream - 3.25, Regular Smoothies - Carrot Kick - 2.00",6.75,CASH,
15/04/2025 16:50,London Brixton,Roslyn Vogelgesang,Regular Frappes - Strawberries & Cream - 2.75,2.75,CASH,
15/04/2025 16:53,London Brixton,Marcus Tufts,"Large Speciality Tea - Earl Grey - 1.60, Large Smoothies - Glowing Greens - 2.50, Regular Smoothies - Glowing Greens - 2.00",6.1,CARD,7792802103354287
15/04/2025 16:56,London Brixton,Craig Vue,"Regular Hot chocolate - 2.20, Regular Cappuccino - 2.15",4.35,CASH,
15/04/2025 16:59,London Brixton,Jerry Hohman,"Regular Iced americano - 2.15, Large Frappes - Strawberries & Cream - 3.25, Large Cappuccino - 2.45",7.85,CARD,9126466730604354
15/04/2025 17:03,London Brixton,Greg Dix,Large Smoothies - Glowing Greens - 2.50,2.5,CARD,8294714550847707
15/04/2025 17:05,London Brixton,Tony Simmons,"Regular Iced americano - 2.15, Large Smoothies - Carrot Kick - 2.50, Regular Speciality Tea - Earl Grey - 1.30, Regular Hot chocolate - 2.20, Regular Cappuccino - 2.15",10.3,CASH,
15/04/2025 17:07,London Brixton,Thomas Gonzalez,"Regular Frappes - Strawberries & Cream - 2.75, Large Smoothies - Glowing Greens - 2.50",5.25,CASH,
15/04/2025 17:10,London Brixton,Elizabeth Sherlock,Regular Smoothies - Glowing Greens - 2.00,2.0,CARD,8742975549942107
15/04/2025 17:12,London Brixton,Charlyn Carter,Regular Smoothies - Carrot Kick - 2.00,2.0,CARD,3869015525647317
15/04/2025 17:15,London Brixton,Mary Vanriper,"Regular Frappes - Strawberries & Cream - 2.75, Large Espresso - 1.80, Large Speciality Tea - Earl Grey - 1.60",6.15,CARD,6578523051806641
15/04/2025 17:17,London Brixton,David White,"Regular Frappes - Strawberries & Cream - 2.75, Large Smoothies - Glowing Greens - 2.50",5.25,CARD,3654053607383479
15/04/2025 17:19,London Brixton,Cornelius Washington,"Large Iced americano - 2.50, Large Cappuccino - 2.45, Large Iced americano - 2.50, Regular Frappes - Strawberries & Cream - 2.75, Regular Frappes - Strawberries & Cream - 2.75",12.95,CASH,
15/04/2025 17:22,London Brixton,Anna Phipps,Large Smoothies - Glowing Greens - 2.50,2.5,CARD,5658536593913891
15/04/2025 17:24,London Brixton,Duane Stonebraker,Regular Cappuccino - 2.15,2.15,CARD,4176400023190966
15/04/2025 17:27,London Brixton,Kathleen Foulks,"Large Speciality Tea - Earl Grey - 1.60, Regular Smoothies - Glowing Greens - 2.00, Regular Hot chocolate - 2.20",5.8,CASH,
15/04/2025 17:29,London Brixton,Margaret Parry,"Regular Frappes - Strawberries & Cream - 2.75, Large Iced americano - 2.50",5.25,CARD,5852654361470403
15/04/2025 17:31,London Brixton,Francesca Hall,"Large Speciality Tea - Earl Grey - 1.60, Large Smoothies - Glowing Greens - 2.50",4.1,CASH,
15/04/2025 17:34,London Brixton,Randell Chavez,"Regular Smoothies - Glowing Greens - 2.00, Regular Speciality Tea - Earl Grey - 1.30, Large Iced americano - 2.50, Large Hot chocolate - 2.90, Large Smoothies - Glowing Greens - 2.50",11.2,CARD,2923488823198224
15/04/2025 17:36,London Brixton,Adell Callaway,"Regular Iced americano - 2.15, Large Speciality Tea - Earl Grey - 1.60, Large Iced americano - 2.50, Regular Smoothies - Glowing Greens - 2.00",8.25,CASH,
15/04/2025 17:39,London Brixton,Ryan Otterson,Large Speciality Tea - Earl Grey - 1.60,1.6,CARD,5389668258518325
15/04/2025 17:41,London Brixton,Marguerite Brown,"Large Iced americano - 2.50, Regular Iced americano - 2.15",4.65,CARD,2845508951222874
15/04/2025 17:43,London Brixton,Laura Weiser,"Regular Cappuccino - 2.15, Regular Cappuccino - 2.15, Regular Iced americano - 2.15, Regular Speciality Tea - Earl Grey - 1.30",7.75,CARD,5857873124370708
15/04/2025 17:46,London Brixton,Lisa Grant,"Large Cappuccino - 2.45, Large Espresso - 1.80",4.25,CARD,7792112203035394
15/04/2025 17:48,London Brixton,Martha Reed,"Large Frappes - Strawberries & Cream - 3.25, Large Iced americano - 2.50, Large Speciality Tea - Earl Grey - 1.60, Large Hot chocolate - 2.90, Large Speciality Tea - Earl Grey - 1.60, Regular Smoothies - Glowing Greens - 2.00",13.85,CASH,
15/04/2025 17:51,London Brixton,Daniel Ortiz,Regular Speciality Tea - Earl Grey - 1.30,1.3,CASH,
15/04/2025 17:53,London Brixton,Delores Hoskin,Large Smoothies - Glowing Greens - 2.50,2.5,CASH,
15/04/2025 17:55,London Brixton,Kelly Vaughan,"Regular Smoothies - Carrot Kick - 2.00, Large Iced americano - 2.50, Regular Smoothies - Carrot Kick - 2.00, Regular Espresso - 1.50, Large Frappes - Strawberries & Cream - 3.25",11.25,CARD,2503282765701043
15/04/2025 17:58,London Brixton,Joshua Bogucki,"Regular Iced americano - 2.15, Large Hot chocolate - 2.90",5.05,CARD,8145851205650178
15/04/2025 18:00,London Brixton,Sandra Wheeler,"Large Speciality Tea - Earl Grey - 1.60, Large Cappuccino - 2.45, Regular Iced americano - 2.15",6.2,CARD,8162057681088594
15/04/2025 18:02,London Brixton,Pete Leary,Regular Speciality Tea - Earl Grey - 1.30,1.3,CARD,6426185214260819
15/04/2025 18:04,London Brixton,Theda Deal,"Large Cappuccino - 2.45, Large Hot chocolate - 2.90, Large Hot chocolate - 2.90, Large Iced americano - 2.50",10.75,CARD,6799969608738951
15/04/2025 18:07,London Brixton,Virginia Cedeno,"Regular Smoothies - Glowing Greens - 2.00, Large Smoothies - Carrot Kick - 2.50, Large Smoothies - Carrot Kick - 2.50, Regular Smoothies - Carrot Kick - 2.00, Large Cappuccino - 2.45",11.45,CARD,9961573193810456
15/04/2025 18:09,London Brixton,Delores Walsh,Large Smoothies - Glowing Greens - 2.50,2.5,CARD,6890746757654052
15/04/2025 18:11,London Brixton,Connie Armentrout,"Regular Smoothies - Glowing Greens - 2.00, Large Iced americano - 2.50, Regular Smoothies - Carrot Kick - 2.00",6.5,CASH,
15/04/2025 18:13,London Brixton,Deborah Rice,"Regular Speciality Tea - Earl Grey - 1.30, Large Espresso - 1.80",3.1,CASH,
15/04/2025 18:15,London Brixton,Ruby Madlung,"Regular Smoothies - Glowing Greens - 2.00, Regular Speciality Tea - Earl Grey - 1.30, Large Cappuccino - 2.45",5.75,CASH,
15/04/2025 18:17,London Brixton,Mary Cole,Large Hot chocolate - 2.90,2.9,CARD,2425807341617770
15/04/2025 18:19,London Brixton,Helen Mederos,"Large Smoothies - Carrot Kick - 2.50, Regular Hot chocolate - 2.20, Large Espresso - 1.80, Regular Speciality Tea - Earl Grey - 1.30, Large Espresso - 1.80, Regular Frappes - Strawberries & Cream - 2.75",12.35,CASH,
15/04/2025 18:21,London Brixton,Richard West,"Regular Frappes - Strawberries & Cream - 2.75, Large Espresso - 1.80, Large Iced americano - 2.50, Large Speciality Tea - Earl Grey - 1.60, Regular Smoothies - Glowing Greens - 2.00",10.65,CASH,
15/04/2025 18:24,London Brixton,Joanne Overton,"Large Hot chocolate - 2.90, Regular Espresso - 1.50",4.4,CARD,9330136812691433
15/04/2025 18:26,London Brixton,Margaret Asif,"Large Frappes - Strawberries & Cream - 3.25, Regular Espresso - 1.50",4.75,CASH,
15/04/2025 18:28,London Brixton,Danielle Smith,Large Speciality Tea - Earl Grey - 1.60,1.6,CASH,
15/04/2025 18:30,London Brixton,Cleo Parks,"Regular Smoothies - Carrot Kick - 2.00, Large Hot chocolate - 2.90, Large Cappuccino - 2.45",7.35,CASH,
15/04/2025 18:32,London Brixton,Maricela Mealer,"Large Iced americano - 2.50, Regular Iced americano - 2.15, Regular Iced americano - 2.15, Regular Cappuccino - 2.15, Large Hot chocolate - 2.90",11.85,CARD,2786991530346859
15/04/2025 18:34,London Brixton,Marcus Stachura,Large Iced americano - 2.50,2.5,CARD,1932533897775588
15/04/2025 18:36,London Brixton,Mary Thurmer,Large Speciality Tea - Earl Grey - 1.60,1.6,CARD,9686174961367885
15/04/2025 18:39,London Brixton,Dawn Mclain,"Regular Hot chocolate - 2.20, Large Speciality Tea - Earl Grey - 1.60",3.8,CARD,6627734276000563
15/04/2025 18:41,London Brixton,Robert Upshaw,Regular Frappes - Strawberries & Cream - 2.75,2.75,CARD,8103645000377091
15/04/2025 18:43,London Brixton,Sheila Mckinney,"Regular Espresso - 1.50, Regular Iced americano - 2.15, Regular Smoothies - Glowing Greens - 2.00",5.65,CARD,8223348529200296
15/04/2025 18:45,London Brixton,Keith Cabrera,"Large Smoothies - Glowing Greens - 2.50, Large Hot chocolate - 2.90, Regular Hot chocolate - 2.20",7.6,CARD,3846229339230838
15/04/2025 18:47,London Brixton,Dora Heideman,"Regular Smoothies - Glowing Greens - 2.00, Large Cappuccino - 2.45, Regular Hot chocolate - 2.20",6.65,CARD,7756429024809227
15/04/2025 18:49,London Brixton,Malcom Brown,"Regular Iced americano - 2.15, Regular Frappes - Strawberries & Cream - 2.75, Regular Speciality Tea - Earl Grey - 1.30, Regular Speciality Tea - Earl Grey - 1.30",7.5,CARD,5153401710204660
15/04/2025 18:51,London Brixton,Kenneth Walker,"Large Cappuccino - 2.45, Regular Smoothies - Glowing Greens - 2.00, Regular Espresso - 1.50, Large Speciality Tea - Earl Grey - 1.60",7.55,CARD,8836780953799333
15/04/2025 18:53,London Brixton,Sherrie Weeks,Regular Espresso - 1.50,1.5,CARD,1128964763837039
15/04/2025 18:56,London Brixton,Anthony Beals,"Large Cappuccino - 2.45, Regular Cappuccino - 2.15, Large Smoothies - Carrot Kick - 2.50",7.1,CARD,3799376155218863
15/04/2025 18:58,London Brixton,Robert Witt,"Regular Iced americano - 2.15, Regular Hot chocolate - 2.20, Regular Smoothies - Carrot Kick - 2.00",6.35,CASH,
15/04/2025 19:00,London Brixton,Cleo Mccauley,"Regular Iced americano - 2.15, Large Smoothies - Carrot Kick - 2.50",4.65,CASH,
15/04/2025 19:01,London Brixton,Felipe Kruger,"Large Smoothies - Carrot Kick - 2.50, Large Cappuccino - 2.45, Regular Hot chocolate - 2.20",7.15,CARD,7262273044113694
15/04/2025 19:03,London Brixton,Paul Pruzansky,Large Frappes - Strawberries & Cream - 3.25,3.25,CARD,1594164543069460
15/04/2025 19:04,London Brixton,Jo Hancock,"Regular Hot chocolate - 2.20, Large Speciality Tea - Earl Grey - 1.60",3.8,CASH,
15/04/2025 19:05,London Brixton,Carol Keala,"Large Frappes - Strawberries & Cream - 3.25, Large Speciality Tea - Earl Grey - 1.60, Large Iced americano - 2.50",7.35,CARD,8869912263845083
15/04/2025 19:07,London Brixton,Alexandria Jackson,"Regular Smoothies - Glowing Greens - 2.00, Regular Cappuccino - 2.15",4.15,CARD,6561783767446868
15/04/2025 19:08,London Brixton,Michael Montgomery,"Large Cappuccino - 2.45, Large Smoothies - Glowing Greens - 2.50",4.95,CARD,1245371233585365
15/04/2025 19:09,London Brixton,Elwood Engleman,"Regular Smoothies - Glowing Greens - 2.00, Regular Hot chocolate - 2.20, Large Frappes - Strawberries & Cream - 3.25",7.45,CARD,1076560469044457
15/04/2025 19:11,London Brixton,Helen Jones,"Large Iced americano - 2.50, Regular Smoothies - Carrot Kick - 2.00, Large Frappes - Strawberries & Cream - 3.25, Regular Frappes - Strawberries & Cream - 2.75",10.5,CARD,9361017890546585
15/04/2025 19:12,London Brixton,Amber Miller,Large Speciality Tea - Earl Grey - 1.60,1.6,CARD,7858511470443994
15/04/2025 19:13,London Brixton,Megan Oakman,"Regular Hot chocolate - 2.20, Large Hot chocolate - 2.90, Large Smoothies - Carrot Kick - 2.50, Regular Speciality Tea - Earl Grey - 1.30, Large Cappuccino - 2.45",11.35,CARD,9650053966103052
15/04/2025 19:15,London Brixton,Donald Benson,"Large Espresso - 1.80, Regular Hot chocolate - 2.20",4.0,CASH,
15/04/2025 19:16,London Brixton,Darline Criswell,Large Smoothies - Glowing Greens - 2.50,2.5,CARD,7891350478615977
15/04/2025 19:17,London Brixton,Elizabeth Denley,"Regular Speciality Tea - Earl Grey - 1.30, Large Frappes - Strawberries & Cream - 3.25, Large Iced americano - 2.50, Large Smoothies - Glowing Greens - 2.50",9.55,CARD,9786150413672371
15/04/2025 19:19,London Brixton,John Phillips,"Large Smoothies - Carrot Kick - 2.50, Large Hot chocolate - 2.90, Regular Iced americano - 2.15, Regular Cappuccino - 2.15, Large Smoothies - Carrot Kick - 2.50, Large Iced americano - 2.50",14.7,CARD,9678094550510194
15/04/2025 19:20,London Brixton,Raymon Flood,"Large Speciality Tea - Earl Grey - 1.60, Regular Cappuccino - 2.15",3.75,CARD,7834756182821799
15/04/2025 19:22,London Brixton,Richard Garris,"Large Cappuccino - 2.45, Large Speciality Tea - Earl Grey - 1.60, Large Speciality Tea - Earl Grey - 1.60, Regular Cappuccino - 2.15",7.8,CARD,2047909760689148
15/04/2025 19:23,London Brixton,Albert Law,Large Frappes - Strawberries & Cream - 3.25,3.25,CASH,
15/04/2025 19:24,London Brixton,Anne Sprague,"Large Speciality Tea - Earl Grey - 1.60, Large Speciality Tea - Earl Grey - 1.60",3.2,CARD,9311026675536910
15/04/2025 19:26,London Brixton,Jolyn Boone,"Large Frappes - Strawberries & Cream - 3.25, Regular Speciality Tea - Earl Grey - 1.30, Large Speciality Tea - Earl Grey - 1.60, Large Espresso - 1.80, Large Espresso - 1.80",9.75,CARD,1901417561963209
15/04/2025 19:27,London Brixton,John Phillips,"Regular Frappes - Strawberries & Cream - 2.75, Large Iced americano - 2.50",5.25,CARD,3941018960806560
15/04/2025 19:28,London Brixton,Alex Harris,Large Frappes - Strawberries & Cream - 3.25,3.25,CARD,4523545039498787
15/04/2025 19:30,London Brixton,Jacqueline Brady,Regular Iced americano - 2.15,2.15,CARD,2665766998330062
15/04/2025 19:31,London Brixton,Loren Elmer,"Large Speciality Tea - Earl Grey - 1.60, Large Cappuccino - 2.45, Regular Espresso - 1.50",5.55,CARD,4402808338463389
15/04/2025 19:32,London Brixton,Cara Brown,"Regular Frappes - Strawberries & Cream - 2.75, Large Cappuccino - 2.45",5.2,CARD,8136141180581109
15/04/2025 19:34,London Brixton,Marsha Belisle,Large Smoothies - Glowing Greens - 2.50,2.5,CARD,5201142124976639
15/04/2025 19:35,London Brixton,Marion Edens,"Large Smoothies - Carrot Kick - 2.50, Regular Hot chocolate - 2.20, Large Hot chocolate - 2.90, Large Smoothies - Carrot Kick - 2.50",10.1,CASH,
15/04/2025 19:36,London Brixton,Kerry Gross,"Regular Iced americano - 2.15, Regular Frappes - Strawberries & Cream - 2.75, Large Hot chocolate - 2.90",7.8,CASH,
15/04/2025 19:38,London Brixton,Jacob Dennis,"Regular Hot chocolate - 2.20, Large Espresso - 1.80",4.0,CARD,1843731776498101
15/04/2025 19:39,London Brixton,Michael Bailey,"Large Speciality Tea - Earl Grey - 1.60, Large Smoothies - Carrot Kick - 2.50, Regular Frappes - Strawberries & Cream - 2.75",6.85,CASH,
15/04/2025 19:40,London Brixton,Bryon Dishong,"Regular Smoothies - Carrot Kick - 2.00, Large Speciality Tea - Earl Grey - 1.60, Large Cappuccino - 2.45",6.05,CARD,6717755819222066
15/04/2025 19:42,London Brixton,Andrew Anger,"Regular Smoothies - Carrot Kick - 2.00, Regular Speciality Tea - Earl Grey - 1.30, Regular Smoothies - Carrot Kick - 2.00, Large Smoothies - Carrot Kick - 2.50, Regular Hot chocolate - 2.20",10.0,CASH,
15/04/2025 19:43,London Brixton,Patricia Siggins,Large Hot chocolate - 2.90,2.9,CASH,
15/04/2025 19:44,London Brixton,Yolanda Oconnor,"Regular Espresso - 1.50, Large Hot chocolate - 2.90, Regular Cappuccino - 2.15",6.55,CASH,
15/04/2025 19:46,London Brixton,Michael Philips,"Regular Smoothies - Glowing Greens - 2.00, Regular Hot chocolate - 2.20",4.2,CARD,4896516764755363
15/04/2025 19:47,London Brixton,Deborah Savage,"Large Speciality Tea - Earl Grey - 1.60, Large Hot chocolate - 2.90, Large Smoothies - Glowing Greens - 2.50, Regular Iced americano - 2.15",9.15,CARD,5952248941857233
15/04/2025 19:49,London Brixton,Ruthie Terrell,"Large Smoothies - Glowing Greens - 2.50, Large Hot chocolate - 2.90, Regular Smoothies - Glowing Greens - 2.00",7.4,CASH,
15/04/2025 19:50,London Brixton,Johnnie Hoskins,"Large Smoothies - Carrot Kick - 2.50, Large Speciality Tea - Earl Grey - 1.60, Regular Iced americano - 2.15, Large Iced americano - 2.50, Large Speciality Tea - Earl Grey - 1.60",10.35,CARD,3908826081123279
15/04/2025 19:51,London Brixton,Jason Elizondo,"Large Hot chocolate - 2.90, Large Smoothies - Carrot Kick - 2.50, Large Iced americano - 2.50, Large Cappuccino - 2.45",10.35,CASH,
15/04/2025 19:53,London Brixton,Cory Brown,Large Cappuccino - 2.45,2.45,CASH,
15/04/2025 19:54,London Brixton,Derek Walter,Large Frappes - Strawberries & Cream - 3.25,3.25,CASH,
15/04/2025 19:55,London Brixton,Edward Pridgen,"Regular Smoothies - Glowing Greens - 2.00, Large Smoothies - Carrot Kick - 2.50",4.5,CARD,8024985993666809
15/04/2025 19:57,London Brixton,Sarah Murphy,"Regular Speciality Tea - Earl Grey - 1.30, Large Speciality Tea - Earl Grey - 1.60",2.9,CARD,1749852671963121
15/04/2025 19:58,London Brixton,Kenneth Leonard,Large Hot chocolate - 2.90,2.9,CARD,8892111638212404
15/04/2025 19:59,London Brixton,Clint Bruggeman,"Large Hot chocolate - 2.90, Regular Smoothies - Carrot Kick - 2.00, Regular Espresso - 1.50, Regular Iced americano - 2.15",8.55,CARD,2346810558324551
15/04/2025 20:01,London Brixton,Yvette Thorpe,Regular Speciality Tea - Earl Grey - 1.30,1.3,CARD,8093689126978503
15/04/2025 20:03,London Brixton,Anna Drinkard,"Large Speciality Tea - Earl Grey - 1.60, Large Frappes - Strawberries & Cream - 3.25",4.85,CASH,
15/04/2025 20:05,London Brixton,Fernando Cano,"Large Espresso - 1.80, Large Speciality Tea - Earl Grey - 1.60, Regular Smoothies - Glowing Greens - 2.00, Regular Cappuccino - 2.15",7.55,CARD,9192131643976867
15/04/2025 20:08,London Brixton,Connie Outlaw,Large Speciality Tea - Earl Grey - 1.60,1.6,CARD,2491749045963360
15/04/2025 20:10,London Brixton,Michelle Larocco,"Regular Cappuccino - 2.15, Large Espresso - 1.80, Large Cappuccino - 2.45",6.4,CARD,2539573151119143
15/04/2025 20:13,London Brixton,Gary Erickson,"Regular Iced americano - 2.15, Large Cappuccino - 2.45, Regular Smoothies - Carrot Kick - 2.00",6.6,CARD,2565576367476039
15/04/2025 20:15,London Brixton,Janice Doud,"Regular Cappuccino - 2.15, Large Hot chocolate - 2.90, Large Smoothies - Carrot Kick - 2.50, Large Speciality Tea - Earl Grey - 1.60",9.15,CARD,7459212926241627
15/04/2025 20:17,London Brixton,Samuel Duncan,Regular Cappuccino - 2.15,2.15,CASH,
15/04/2025 20:20,London Brixton,Bryant Stults,"Large Hot chocolate - 2.90, Regular Smoothies - Glowing Greens - 2.00",4.9,CASH,
15/04/2025 20:22,London Brixton,Cedric Lamb,"Regular Espresso - 1.50, Large Smoothies - Glowing Greens - 2.50, Large Cappuccino - 2.45",6.45,CARD,1389477754174897
15/04/2025 20:25,London Brixton,Michael Duncan,"Large Hot chocolate - 2.90, Large Hot chocolate - 2.90, Regular Smoothies - Glowing Greens - 2.00, Regular Iced americano - 2.15, Large Smoothies - Glowing Greens - 2.50",12.45,CARD,5777571910444692
15/04/2025 20:27,London Brixton,James Fan,Regular Frappes - Strawberries & Cream - 2.75,2.75,CASH,
15/04/2025 20:29,London Brixton,Virginia Garcia,Large Frappes - Strawberries & Cream - 3.25,3.25,CARD,1988857867856026
15/04/2025 20:32,London Brixton,Mary Sims,Regular Smoothies - Carrot Kick - 2.00,2.0,CARD,4938945954174398
15/04/2025 20:34,London Brixton,Catherine Mcknight,"Large Hot chocolate - 2.90, Large Hot chocolate - 2.90",5.8,CARD,4072379441045393
15/04/2025 20:37,London Brixton,Mary Farley,"Large Iced americano - 2.50, Regular Speciality Tea - Earl Grey - 1.30, Large Espresso - 1.80, Regular Iced americano - 2.15, Regular Iced americano - 2.15",9.9,CASH,
15/04/2025 20:39,London Brixton,Chester Avella,Large Smoothies - Glowing Greens - 2.50,2.5,CARD,7959654034802013
15/04/2025 20:41,London Brixton,Jacob Castillo,"Regular Smoothies - Glowing Greens - 2.00, Large Cappuccino - 2.45, Regular Speciality Tea - Earl Grey - 1.30, Large Cappuccino - 2.45, Regular Smoothies - Carrot Kick - 2.00",10.2,CARD,7562311807003192
15/04/2025 20:44,London Brixton,Sarah Nelson,Large Speciality Tea - Earl Grey - 1.60,1.6,CARD,6921185188859088
15/04/2025 20:46,London Brixton,Maria Gaston,"Large Speciality Tea - Earl Grey - 1.60, Regular Espresso - 1.50, Large Frappes - Strawberries & Cream - 3.25",6.35,CARD,7524626197053197
15/04/2025 20:49,London Brixton,Michael Boettcher,"Regular Cappuccino - 2.15, Large Smoothies - Glowing Greens - 2.50",4.65,CASH,
15/04/2025 20:51,London Brixton,Mary Altschuler,"Large Espresso - 1.80, Regular Smoothies - Glowing Greens - 2.00, Large Espresso - 1.80, Large Espresso - 1.80, Regular Espresso - 1.50, Large Speciality Tea - Earl Grey - 1.60",10.5,CASH,
15/04/2025 20:53,London Brixton,Marisol Booker,"Large Hot chocolate - 2.90, Regular Iced americano - 2.15, Large Speciality Tea - Earl Grey - 1.60",6.65,CARD,5976795800009945
15/04/2025 20:56,London Brixton,Tracy Dagostino,"Regular Smoothies - Glowing Greens - 2.00, Large Speciality Tea - Earl Grey - 1.60, Regular Smoothies - Glowing Greens - 2.00, Regular Smoothies - Carrot Kick - 2.00, Regular Speciality Tea - Earl Grey - 1.30, Regular Smoothies - Glowing Greens - 2.00",10.9,CARD,4422836924059250
15/04/2025 20:58,London Brixton,Stacey Vanhofwegen,"Regular Cappuccino - 2.15, Large Iced americano - 2.50, Regular Espresso - 1.50",6.15,CARD,8396864361403307
