15/04/2025 09:00,London Camden,Jeannie Pellot,"Regular Flavoured hot chocolate - Vanilla - 2.60, Regular Iced latte - 2.35, Regular Flavoured hot chocolate - Hazelnut - 2.60",7.55,CASH,
15/04/2025 09:02,London Camden,Joseph Sanchez,"Large Luxury hot chocolate - 2.70, Large Flavoured latte - Vanilla - 2.85",5.55,CARD,3194855657510511
15/04/2025 09:05,London Camden,Ralph Davidson,"Regular Iced latte - 2.35, Large Hot chocolate - 2.90, Large Luxury hot chocolate - 2.70",7.95,CARD,8023090831645438
15/04/2025 09:08,London Camden,Ricky Hillery,"Large Flavoured hot chocolate - Vanilla - 2.90, Large Speciality Tea - Peppermint - 1.60, Large Hot chocolate - 2.90, Regular Flavoured hot chocolate - Vanilla - 2.60, Large Speciality Tea - Peppermint - 1.60",11.6,CARD,4457657275389561
15/04/2025 09:10,London Camden,Harvey Keeney,"Regular Hot chocolate - 2.20, Large Flavoured hot chocolate - Vanilla - 2.90",5.1,CARD,1736873233095962
15/04/2025 09:13,London Camden,Carl Xiong,Large Luxury hot chocolate - 2.70,2.7,CARD,4947572840815578
15/04/2025 09:16,London Camden,George Keith,"Regular Hot chocolate - 2.20, Regular Flavoured hot chocolate - Hazelnut - 2.60, Large Chai latte - 2.60, Large Chai latte - 2.60",10.0,CARD,7570076675729195
15/04/2025 09:19,London Camden,Vanessa Ritter,Regular Flavoured hot chocolate - Vanilla - 2.60,2.6,CARD,9972181192078590
15/04/2025 09:21,London Camden,Lawrence Resendiz,Large Flavoured latte - Vanilla - 2.85,2.85,CASH,
15/04/2025 09:24,London Camden,Robin Barnhart,"Regular Chai latte - 2.30, Large Flavoured hot chocolate - Hazelnut - 2.90, Regular Chai latte - 2.30, Regular Flavoured hot chocolate - Hazelnut - 2.60",10.1,CASH,
15/04/2025 09:27,London Camden,Francis Newton,"Large Chai latte - 2.60, Regular Iced latte - 2.35, Regular Flavoured hot chocolate - Vanilla - 2.60, Large Speciality Tea - Peppermint - 1.60",9.15,CARD,5460171587527730
15/04/2025 09:29,London Camden,Timothy Raap,"Regular Flavoured hot chocolate - Hazelnut - 2.60, Regular Iced latte - 2.35",4.95,CARD,2179676573853730
15/04/2025 09:32,London Camden,Eugenio Brucculeri,"Large Hot chocolate - 2.90, Large Flavoured hot chocolate - Hazelnut - 2.90, Regular Flavoured latte - Vanilla - 2.55, Large Chai latte - 2.60",10.95,CARD,8784966955028518
15/04/2025 09:35,London Camden,Deborah Earls,"Regular Chai latte - 2.30, Large Speciality Tea - Peppermint - 1.60, Large Luxury hot chocolate - 2.70, Large Luxury hot chocolate - 2.70, Regular Chai latte - 2.30",11.6,CARD,8941505019322283
15/04/2025 09:38,London Camden,Isabel Agnes,"Large Flavoured hot chocolate - Vanilla - 2.90, Regular Hot chocolate - 2.20, Regular Flavoured hot chocolate - Hazelnut - 2.60, Large Flavoured latte - Vanilla - 2.85",10.55,CARD,9928842412696769
15/04/2025 09:40,London Camden,Cynthia Sundt,"Large Flavoured hot chocolate - Hazelnut - 2.90, Large Speciality Tea - Peppermint - 1.60, Large Hot chocolate - 2.90",7.4,CARD,6288724423961323
15/04/2025 09:43,London Camden,Joseph Douglas,"Large Iced latte - 2.85, Large Speciality Tea - Peppermint - 1.60, Regular Luxury hot chocolate - 2.40, Regular Iced latte - 2.35, Large Speciality Tea - Peppermint - 1.60",10.8,CASH,
15/04/2025 09:46,London Camden,Kenneth Gall,Large Chai latte - 2.60,2.6,CARD,3115510637658349
15/04/2025 09:48,London Camden,Raymond Lockhart,"Large Flavoured hot chocolate - Hazelnut - 2.90, Large Flavoured hot chocolate - Vanilla - 2.90, Large Speciality Tea - Peppermint - 1.60",7.4,CARD,2656677233339248
15/04/2025 09:51,London Camden,Timothy Cabrera,"Large Chai latte - 2.60, Regular Hot chocolate - 2.20",4.8,CARD,9470147717870549
15/04/2025 09:54,London Camden,Scott Wilks,"Large Hot chocolate - 2.90, Large Iced latte - 2.85",5.75,CARD,5923323007234363
15/04/2025 09:57,London Camden,Kenneth Morgan,"Regular Flavoured latte - Vanilla - 2.55, Regular Hot chocolate - 2.20, Regular Flavoured latte - Vanilla - 2.55",7.3,CARD,3783575413022080
15/04/2025 09:59,London Camden,Yvonne Edgerson,Large Flavoured hot chocolate - Vanilla - 2.90,2.9,CARD,7379297951153429
15/04/2025 10:02,London Camden,Melissa Henry,"Large Iced latte - 2.85, Large Luxury hot chocolate - 2.70, Regular Iced latte - 2.35",7.9,CARD,1874836852595696
15/04/2025 10:04,London Camden,Roger Rodriguez,"Large Speciality Tea - Peppermint - 1.60, Large Flavoured latte - Vanilla - 2.85, Regular Luxury hot chocolate - 2.40, Regular Flavoured latte - Vanilla - 2.55",9.4,CARD,9609455926998002
15/04/2025 10:06,London Camden,Xavier Lane,Regular Flavoured hot chocolate - Vanilla - 2.60,2.6,CARD,7908823306863885
15/04/2025 10:09,London Camden,Evan Wallace,Large Flavoured hot chocolate - Vanilla - 2.90,2.9,CARD,2892266790115204
15/04/2025 10:11,London Camden,James Baker,Large Flavoured latte - Vanilla - 2.85,2.85,CARD,1766759648914164
15/04/2025 10:13,London Camden,Larry Jamieson,"Large Speciality Tea - Peppermint - 1.60, Regular Flavoured hot chocolate - Vanilla - 2.60, Large Iced latte - 2.85",7.05,CARD,6129378705354996
15/04/2025 10:15,London Camden,John Clendenen,"Regular Iced latte - 2.35, Large Flavoured hot chocolate - Vanilla - 2.90, Large Flavoured hot chocolate - Hazelnut - 2.90, Large Flavoured hot chocolate - Hazelnut - 2.90, Regular Speciality Tea - Peppermint - 1.30",12.35,CARD,8696305482843388
15/04/2025 10:18,London Camden,Cecil Dicaprio,"Large Flavoured hot chocolate - Vanilla - 2.90, Regular Hot chocolate - 2.20",5.1,CARD,1177919510492481
15/04/2025 10:20,London Camden,Geraldine Higgins,"Large Chai latte - 2.60, Large Chai latte - 2.60, Large Flavoured hot chocolate - Hazelnut - 2.90",8.1,CASH,
15/04/2025 10:22,London Camden,Robert Vaughn,"Regular Flavoured hot chocolate - Vanilla - 2.60, Regular Chai latte - 2.30",4.9,CASH,
15/04/2025 10:24,London Camden,Teresa Johnson,Regular Flavoured latte - Vanilla - 2.55,2.55,CASH,
15/04/2025 10:26,London Camden,Peggy Brown,"Regular Speciality Tea - Peppermint - 1.30, Regular Hot chocolate - 2.20, Regular Luxury hot chocolate - 2.40",5.9,CARD,2088581852537066
15/04/2025 10:29,London Camden,Doreen Sanchez,"Large Speciality Tea - Peppermint - 1.60, Regular Flavoured latte - Vanilla - 2.55, Large Chai latte - 2.60",6.75,CARD,4661096765125323
15/04/2025 10:31,London Camden,Frank Taylor,"Regular Speciality Tea - Peppermint - 1.30, Regular Flavoured hot chocolate - Vanilla - 2.60, Regular Speciality Tea - Peppermint - 1.30",5.2,CASH,
15/04/2025 10:33,London Camden,Jared Parker,"Regular Iced latte - 2.35, Regular Flavoured latte - Vanilla - 2.55, Large Iced latte - 2.85",7.75,CASH,
15/04/2025 10:35,London Camden,Toby Schaedler,"Regular Speciality Tea - Peppermint - 1.30, Regular Speciality Tea - Peppermint - 1.30, Regular Speciality Tea - Peppermint - 1.30, Regular Flavoured hot chocolate - Vanilla - 2.60",6.5,CARD,4015868405020717
15/04/2025 10:37,London Camden,James Paider,"Large Luxury hot chocolate - 2.70, Regular Flavoured latte - Vanilla - 2.55",5.25,CARD,3367460113844202
15/04/2025 10:40,London Camden,Tina Meeks,"Regular Speciality Tea - Peppermint - 1.30, Large Flavoured latte - Vanilla - 2.85, Large Flavoured latte - Vanilla - 2.85, Regular Flavoured latte - Vanilla - 2.55, Large Iced latte - 2.85",12.4,CARD,4177105857270344
15/04/2025 10:42,London Camden,Scott Sanders,"Regular Flavoured latte - Vanilla - 2.55, Regular Iced latte - 2.35",4.9,CASH,
15/04/2025 10:44,London Camden,Gail Parrish,Large Flavoured latte - Vanilla - 2.85,2.85,CARD,1681948949719333
15/04/2025 10:46,London Camden,Mary Stevens,"Large Flavoured latte - Vanilla - 2.85, Regular Iced latte - 2.35",5.2,CARD,6401692650428187
15/04/2025 10:49,London Camden,David Renteria,"Large Flavoured hot chocolate - Vanilla - 2.90, Large Chai latte - 2.60, Large Flavoured hot chocolate - Hazelnut - 2.90, Regular Flavoured hot chocolate - Hazelnut - 2.60",11.0,CARD,1867708526060648
15/04/2025 10:51,London Camden,Pamela Heidt,"Regular Flavoured hot chocolate - Vanilla - 2.60, Large Hot chocolate - 2.90, Large Chai latte - 2.60, Regular Flavoured hot chocolate - Vanilla - 2.60",10.7,CARD,9133249313026326
15/04/2025 10:53,London Camden,Joseph Toro,"Large Chai latte - 2.60, Large Speciality Tea - Peppermint - 1.60, Large Flavoured latte - Vanilla - 2.85, Large Chai latte - 2.60",9.65,CARD,4737391554351851
15/04/2025 10:55,London Camden,Eric Lemoine,"Large Speciality Tea - Peppermint - 1.60, Large Flavoured hot chocolate - Hazelnut - 2.90, Regular Flavoured hot chocolate - Vanilla - 2.60, Regular Flavoured hot chocolate - Vanilla - 2.60",9.7,CARD,4301522349479160
15/04/2025 10:57,London Camden,Gerald Mcneil,"Large Flavoured hot chocolate - Vanilla - 2.90, Large Chai latte - 2.60, Large Luxury hot chocolate - 2.70, Large Luxury hot chocolate - 2.70, Regular Hot chocolate - 2.20",13.1,CARD,9925940054190365
15/04/2025 11:00,London Camden,Alicia Chennault,"Large Flavoured hot chocolate - Hazelnut - 2.90, Large Chai latte - 2.60",5.5,CASH,
15/04/2025 11:02,London Camden,Daniel Ketchie,Large Flavoured hot chocolate - Hazelnut - 2.90,2.9,CARD,6443020276581006
15/04/2025 11:05,London Camden,Sarah Andrew,"Regular Hot chocolate - 2.20, Large Speciality Tea - Peppermint - 1.60, Regular Flavoured hot chocolate - Vanilla - 2.60, Large Flavoured hot chocolate - Vanilla - 2.90, Regular Flavoured latte - Vanilla - 2.55, Large Hot chocolate - 2.90",14.75,CARD,8853118850567369
15/04/2025 11:07,London Camden,Ronnie Dawson,"Large Flavoured hot chocolate - Hazelnut - 2.90, Regular Flavoured latte - Vanilla - 2.55, Regular Flavoured latte - Vanilla - 2.55, Large Hot chocolate - 2.90, Regular Flavoured hot chocolate - Vanilla - 2.60",13.5,CARD,6960351787657513
15/04/2025 11:10,London Camden,Elizabeth Valdez,"Large Luxury hot chocolate - 2.70, Regular Hot chocolate - 2.20, Large Flavoured hot chocolate - Vanilla - 2.90, Large Luxury hot chocolate - 2.70",10.5,CARD,4575473521175424
15/04/2025 11:12,London Camden,George Gauze,Regular Chai latte - 2.30,2.3,CARD,9801051509199807
15/04/2025 11:15,London Camden,Lynn Bond,"Large Flavoured hot chocolate - Vanilla - 2.90, Regular Speciality Tea - Peppermint - 1.30",4.2,CARD,8751047316040498
15/04/2025 11:17,London Camden,Tracy Attaway,"Regular Speciality Tea - Peppermint - 1.30, Large Speciality Tea - Peppermint - 1.60, Large Luxury hot chocolate - 2.70, Large Chai latte - 2.60, Regular Iced latte - 2.35, Large Flavoured hot chocolate - Hazelnut - 2.90",13.45,CASH,
15/04/2025 11:20,London Camden,Cora Haworth,"Regular Chai latte - 2.30, Regular Speciality Tea - Peppermint - 1.30",3.6,CARD,6030415505013900
15/04/2025 11:22,London Camden,Billy Chambers,"Regular Flavoured hot chocolate - Hazelnut - 2.60, Large Flavoured latte - Vanilla - 2.85, Regular Luxury hot chocolate - 2.40",7.85,CARD,1256493710018299
15/04/2025 11:25,London Camden,Barbara Ouellette,"Regular Chai latte - 2.30, Regular Flavoured hot chocolate - Vanilla - 2.60",4.9,CARD,4778979935951299
15/04/2025 11:27,London Camden,Quinn Christopher,Regular Chai latte - 2.30,2.3,CARD,5621091375583372
15/04/2025 11:30,London Camden,Mee Canty,"Regular Speciality Tea - Peppermint - 1.30, Regular Speciality Tea - Peppermint - 1.30, Regular Chai latte - 2.30",4.9,CARD,3696272312615207
15/04/2025 11:32,London Camden,William Ramsey,"Regular Iced latte - 2.35, Large Flavoured latte - Vanilla - 2.85, Large Flavoured hot chocolate - Hazelnut - 2.90, Large Flavoured hot chocolate - Hazelnut - 2.90",11.0,CARD,2537476215555483
15/04/2025 11:35,London Camden,Louis Martinez,"Regular Chai latte - 2.30, Large Flavoured latte - Vanilla - 2.85, Regular Chai latte - 2.30, Large Speciality Tea - Peppermint - 1.60",9.05,CARD,3988891018479801
15/04/2025 11:37,London Camden,John Bishop,Regular Speciality Tea - Peppermint - 1.30,1.3,CARD,5960941268349673
15/04/2025 11:40,London Camden,Gregory Fitch,Large Flavoured latte - Vanilla - 2.85,2.85,CASH,
15/04/2025 11:42,London Camden,Jack Strong,"Regular Luxury hot chocolate - 2.40, Regular Flavoured hot chocolate - Hazelnut - 2.60, Large Luxury hot chocolate - 2.70, Large Flavoured hot chocolate - Vanilla - 2.90, Large Flavoured hot chocolate - Vanilla - 2.90",13.5,CASH,
15/04/2025 11:45,London Camden,Gail Winner,"Large Flavoured hot chocolate - Hazelnut - 2.90, Regular Luxury hot chocolate - 2.40, Large Luxury hot chocolate - 2.70, Large Iced latte - 2.85, Large Hot chocolate - 2.90, Large Chai latte - 2.60",16.35,CARD,6616942282590746
15/04/2025 11:47,London Camden,David Prindle,"Large Hot chocolate - 2.90, Regular Flavoured hot chocolate - Hazelnut - 2.60",5.5,CARD,1060093017659172
15/04/2025 11:50,London Camden,James Seibel,"Large Chai latte - 2.60, Large Luxury hot chocolate - 2.70",5.3,CASH,
15/04/2025 11:52,London Camden,David Riley,"Large Chai latte - 2.60, Large Flavoured latte - Vanilla - 2.85, Large Chai latte - 2.60",8.05,CARD,6975423544521848
15/04/2025 11:55,London Camden,Ivy Torrez,Regular Flavoured hot chocolate - Hazelnut - 2.60,2.6,CARD,7401495956889756
15/04/2025 11:57,London Camden,Christina Martindale,"Large Hot chocolate - 2.90, Regular Speciality Tea - Peppermint - 1.30, Large Flavoured hot chocolate - Vanilla - 2.90, Regular Iced latte - 2.35, Large Luxury hot chocolate - 2.70",12.15,CARD,2525628183269118
15/04/2025 12:00,London Camden,Greg Morris,"Regular Hot chocolate - 2.20, Regular Flavoured latte - Vanilla - 2.55",4.75,CARD,3238900833198158
15/04/2025 12:02,London Camden,Eric Campbell,"Regular Flavoured hot chocolate - Hazelnut - 2.60, Regular Hot chocolate - 2.20, Regular Flavoured latte - Vanilla - 2.55, Regular Flavoured hot chocolate - Vanilla - 2.60, Large Flavoured hot chocolate - Hazelnut - 2.90",12.85,CARD,9147777885208477
15/04/2025 12:03,London Camden,Mary Pacheco,Regular Luxury hot chocolate - 2.40,2.4,CARD,8373833750526855
15/04/2025 12:05,London Camden,Johnnie Vrabel,Large Chai latte - 2.60,2.6,CASH,
15/04/2025 12:07,London Camden,Deborah Beals,"Regular Flavoured latte - Vanilla - 2.55, Regular Speciality Tea - Peppermint - 1.30, Regular Flavoured latte - Vanilla - 2.55",6.4,CARD,2199279321742892
15/04/2025 12:09,London Camden,Deborah Hetrick,"Regular Chai latte - 2.30, Regular Chai latte - 2.30, Regular Chai latte - 2.30, Regular Flavoured latte - Vanilla - 2.55, Regular Speciality Tea - Peppermint - 1.30",10.75,CASH,
15/04/2025 12:11,London Camden,Tom Stepp,"Regular Luxury hot chocolate - 2.40, Regular Iced latte - 2.35",4.75,CARD,4763142386080769
15/04/2025 12:13,London Camden,Michael Verdino,"Regular Chai latte - 2.30, Regular Iced latte - 2.35",4.65,CARD,3701328874377454
15/04/2025 12:15,London Camden,Agnes Villarreal,"Large Luxury hot chocolate - 2.70, Regular Hot chocolate - 2.20",4.9,CARD,2149375543401113
15/04/2025 12:17,London Camden,Ruby Chiodi,"Large Speciality Tea - Peppermint - 1.60, Large Flavoured latte - Vanilla - 2.85",4.45,CARD,7078647926271420
15/04/2025 12:19,London Camden,Chad Blackman,"Regular Flavoured latte - Vanilla - 2.55, Regular Iced latte - 2.35, Large Flavoured hot chocolate - Hazelnut - 2.90",7.8,CARD,5896417521586871
15/04/2025 12:21,London Camden,Dorothy Cormier,Regular Hot chocolate - 2.20,2.2,CARD,3063288550611499
15/04/2025 12:23,London Camden,Jane Jacks,Regular Flavoured hot chocolate - Hazelnut - 2.60,2.6,CARD,5679921114998777
15/04/2025 12:25,London Camden,Clifford Phipps,"Large Flavoured hot chocolate - Hazelnut - 2.90, Large Flavoured hot chocolate - Hazelnut - 2.90, Regular Flavoured latte - Vanilla - 2.55, Regular Chai latte - 2.30, Regular Hot chocolate - 2.20",12.85,CASH,
15/04/2025 12:27,London Camden,Scott Guzman,"Large Hot chocolate - 2.90, Regular Flavoured latte - Vanilla - 2.55, Large Flavoured hot chocolate - Hazelnut - 2.90, Large Hot chocolate - 2.90",11.25,CARD,2027446154874873
15/04/2025 12:29,London Camden,Walter Ragland,"Large Flavoured hot chocolate - Vanilla - 2.90, Large Flavoured latte - Vanilla - 2.85",5.75,CARD,3004243214958455
15/04/2025 12:31,London Camden,Keith Rose,"Regular Flavoured hot chocolate - Hazelnut - 2.60, Regular Hot chocolate - 2.20, Regular Flavoured hot chocolate - Vanilla - 2.60, Regular Flavoured hot chocolate - Hazelnut - 2.60, Regular Chai latte - 2.30, Regular Hot chocolate - 2.20",14.5,CARD,7538497580991272
15/04/2025 12:32,London Camden,Jessie Shearer,"Large Hot chocolate - 2.90, Large Flavoured latte - Vanilla - 2.85, Large Speciality Tea - Peppermint - 1.60",7.35,CARD,3747495863121862
15/04/2025 12:34,London Camden,Linda Smith,"Large Chai latte - 2.60, Large Flavoured hot chocolate - Hazelnut - 2.90, Regular Hot chocolate - 2.20, Large Iced latte - 2.85, Regular Hot chocolate - 2.20, Regular Flavoured latte - Vanilla - 2.55",15.3,CARD,5412741195403848
15/04/2025 12:36,London Camden,Kelly Robinson,"Regular Speciality Tea - Peppermint - 1.30, Large Iced latte - 2.85, Regular Flavoured hot chocolate - Hazelnut - 2.60",6.75,CARD,5637361724944728
15/04/2025 12:38,London Camden,Michael Surface,Regular Speciality Tea - Peppermint - 1.30,1.3,CARD,6402684389096547
15/04/2025 12:40,London Camden,Ronald Vorpahl,Regular Luxury hot chocolate - 2.40,2.4,CARD,9556354747828183
15/04/2025 12:42,London Camden,Cheryl Sloan,"Large Hot chocolate - 2.90, Regular Flavoured latte - Vanilla - 2.55, Regular Flavoured latte - Vanilla - 2.55, Large Chai latte - 2.60, Large Flavoured hot chocolate - Vanilla - 2.90",13.5,CARD,8432052784771759
15/04/2025 12:44,London Camden,Linda Burns,"Large Chai latte - 2.60, Large Chai latte - 2.60, Regular Hot chocolate - 2.20",7.4,CARD,8784529018026118
15/04/2025 12:46,London Camden,Leonard Hunt,"Large Flavoured latte - Vanilla - 2.85, Regular Luxury hot chocolate - 2.40",5.25,CARD,3558184574742995
15/04/2025 12:48,London Camden,Kay Morales,"Large Luxury hot chocolate - 2.70, Regular Hot chocolate - 2.20, Large Luxury hot chocolate - 2.70, Regular Flavoured hot chocolate - Hazelnut - 2.60",10.2,CARD,3897485085965817
15/04/2025 12:50,London Camden,Michael Chamberlain,"Regular Flavoured hot chocolate - Vanilla - 2.60, Large Flavoured hot chocolate - Vanilla - 2.90, Regular Flavoured hot chocolate - Hazelnut - 2.60",8.1,CARD,8052422445854012
15/04/2025 12:52,London Camden,Ralph Hemenway,"Regular Iced latte - 2.35, Regular Hot chocolate - 2.20, Large Luxury hot chocolate - 2.70",7.25,CARD,3699741001008330
15/04/2025 12:54,London Camden,John Hill,Regular Flavoured hot chocolate - Vanilla - 2.60,2.6,CARD,5351474029207167
15/04/2025 12:56,London Camden,Brian Barnhart,"Large Flavoured hot chocolate - Vanilla - 2.90, Large Chai latte - 2.60, Large Chai latte - 2.60, Large Flavoured latte - Vanilla - 2.85",10.95,CARD,4788509498160604
15/04/2025 12:58,London Camden,Irene Thruston,"Large Flavoured latte - Vanilla - 2.85, Large Flavoured latte - Vanilla - 2.85, Regular Flavoured latte - Vanilla - 2.55",8.25,CASH,
15/04/2025 13:00,London Camden,Joel Young,Large Luxury hot chocolate - 2.70,2.7,CARD,4082415646161227
15/04/2025 13:00,London Camden,Henry Ramos,"Regular Hot chocolate - 2.20, Regular Iced latte - 2.35, Large Luxury hot chocolate - 2.70, Regular Flavoured latte - Vanilla - 2.55, Regular Flavoured hot chocolate - Hazelnut - 2.60, Large Flavoured latte - Vanilla - 2.85",15.25,CARD,5806836771447857
15/04/2025 13:01,London Camden,Daryl Morris,"Large Chai latte - 2.60, Regular Chai latte - 2.30",4.9,CASH,
15/04/2025 13:02,London Camden,Virginia Griffith,"Regular Flavoured hot chocolate - Vanilla - 2.60, Large Flavoured latte - Vanilla - 2.85",5.45,CARD,6340067561168853
15/04/2025 13:03,London Camden,Genevieve Harvey,"Large Flavoured latte - Vanilla - 2.85, Large Hot chocolate - 2.90",5.75,CASH,
15/04/2025 13:04,London Camden,Danny Boll,"Large Flavoured hot chocolate - Hazelnut - 2.90, Large Flavoured hot chocolate - Vanilla - 2.90, Regular Iced latte - 2.35, Regular Flavoured hot chocolate - Hazelnut - 2.60, Regular Hot chocolate - 2.20",12.95,CARD,9850821779315072
15/04/2025 13:05,London Camden,Catherine Baird,"Regular Flavoured latte - Vanilla - 2.55, Regular Flavoured hot chocolate - Vanilla - 2.60, Large Hot chocolate - 2.90",8.05,CARD,7142069902442772
15/04/2025 13:06,London Camden,Jean Hughes,"Regular Chai latte - 2.30, Regular Iced latte - 2.35, Regular Luxury hot chocolate - 2.40, Large Speciality Tea - Peppermint - 1.60",8.65,CARD,9991236375837437
15/04/2025 13:07,London Camden,Roderick Allen,"Large Hot chocolate - 2.90, Large Hot chocolate - 2.90, Regular Speciality Tea - Peppermint - 1.30",7.1,CARD,8576726455571547
15/04/2025 13:08,London Camden,Ruth Acuna,"Regular Flavoured hot chocolate - Hazelnut - 2.60, Regular Speciality Tea - Peppermint - 1.30, Regular Luxury hot chocolate - 2.40, Large Flavoured hot chocolate - Hazelnut - 2.90",9.2,CARD,1512114014931544
15/04/2025 13:08,London Camden,Joseph Parker,"Regular Hot chocolate - 2.20, Regular Luxury hot chocolate - 2.40",4.6,CASH,
15/04/2025 13:09,London Camden,Craig Howard,"Large Luxury hot chocolate - 2.70, Regular Hot chocolate - 2.20",4.9,CARD,5395644790017514
15/04/2025 13:10,London Camden,Fernando Preslipsky,"Large Luxury hot chocolate - 2.70, Regular Iced latte - 2.35",5.05,CARD,3802841221000542
15/04/2025 13:11,London Camden,Dean Cardwell,"Regular Hot chocolate - 2.20, Regular Luxury hot chocolate - 2.40, Regular Flavoured hot chocolate - Vanilla - 2.60, Regular Speciality Tea - Peppermint - 1.30",8.5,CASH,
15/04/2025 13:12,London Camden,Teresa Alloway,"Large Speciality Tea - Peppermint - 1.60, Regular Flavoured latte - Vanilla - 2.55, Large Flavoured latte - Vanilla - 2.85",7.0,CASH,
15/04/2025 13:13,London Camden,Scott Smith,"Regular Hot chocolate - 2.20, Large Luxury hot chocolate - 2.70, Large Hot chocolate - 2.90",7.8,CARD,3052076821255764
15/04/2025 13:14,London Camden,Christina Hobbs,"Large Luxury hot chocolate - 2.70, Regular Hot chocolate - 2.20",4.9,CASH,
15/04/2025 13:15,London Camden,Kelley Smith,"Regular Iced latte - 2.35, Large Luxury hot chocolate - 2.70, Regular Luxury hot chocolate - 2.40, Regular Iced latte - 2.35",9.8,CARD,9170406568195239
15/04/2025 13:15,London Camden,Alice Harrison,"Regular Luxury hot chocolate - 2.40, Large Luxury hot chocolate - 2.70, Large Flavoured hot chocolate - Hazelnut - 2.90, Regular Luxury hot chocolate - 2.40, Large Flavoured hot chocolate - Vanilla - 2.90, Regular Hot chocolate - 2.20",15.5,CASH,
15/04/2025 13:16,London Camden,Alice Jorgensen,Large Speciality Tea - Peppermint - 1.60,1.6,CARD,5103742830020361
15/04/2025 13:17,London Camden,Roger Harp,"Regular Speciality Tea - Peppermint - 1.30, Large Speciality Tea - Peppermint - 1.60, Large Flavoured latte - Vanilla - 2.85, Large Iced latte - 2.85, Regular Flavoured latte - Vanilla - 2.55",11.15,CARD,3247557094954731
15/04/2025 13:18,London Camden,David Bear,"Large Speciality Tea - Peppermint - 1.60, Large Hot chocolate - 2.90",4.5,CARD,9904219806091845
15/04/2025 13:19,London Camden,Erik Garrick,"Regular Flavoured hot chocolate - Vanilla - 2.60, Large Flavoured latte - Vanilla - 2.85",5.45,CARD,8575082532216851
15/04/2025 13:20,London Camden,Malcom Rviz,"Large Flavoured hot chocolate - Vanilla - 2.90, Regular Hot chocolate - 2.20, Large Flavoured latte - Vanilla - 2.85",7.95,CASH,
15/04/2025 13:21,London Camden,Margaret Morataya,"Large Speciality Tea - Peppermint - 1.60, Regular Iced latte - 2.35, Large Flavoured latte - Vanilla - 2.85, Large Luxury hot chocolate - 2.70",9.5,CASH,
15/04/2025 13:22,London Camden,Myron Hawkins,"Regular Luxury hot chocolate - 2.40, Regular Flavoured hot chocolate - Hazelnut - 2.60, Regular Iced latte - 2.35, Regular Hot chocolate - 2.20, Regular Flavoured latte - Vanilla - 2.55",12.1,CARD,5717748900467106
15/04/2025 13:23,London Camden,Gerald Stanton,"Regular Speciality Tea - Peppermint - 1.30, Regular Luxury hot chocolate - 2.40, Regular Flavoured hot chocolate - Hazelnut - 2.60, Large Speciality Tea - Peppermint - 1.60",7.9,CASH,
15/04/2025 13:23,London Camden,Jennifer Thomas,Regular Luxury hot chocolate - 2.40,2.4,CARD,8442162883881487
15/04/2025 13:24,London Camden,Charles Johnson,"Large Flavoured hot chocolate - Hazelnut - 2.90, Large Luxury hot chocolate - 2.70",5.6,CARD,7754577467976049
15/04/2025 13:25,London Camden,Esperanza Escutia,Large Hot chocolate - 2.90,2.9,CARD,3919204415138924
15/04/2025 13:26,London Camden,Ismael Winebrenner,"Regular Flavoured latte - Vanilla - 2.55, Regular Flavoured hot chocolate - Hazelnut - 2.60, Regular Speciality Tea - Peppermint - 1.30, Regular Flavoured hot chocolate - Hazelnut - 2.60, Regular Flavoured latte - Vanilla - 2.55",11.6,CASH,
15/04/2025 13:27,London Camden,Frederick Brown,"Regular Chai latte - 2.30, Regular Luxury hot chocolate - 2.40, Large Hot chocolate - 2.90, Regular Iced latte - 2.35, Large Chai latte - 2.60",12.55,CARD,7741371114245718
15/04/2025 13:28,London Camden,Jorge Sou,"Large Iced latte - 2.85, Large Flavoured hot chocolate - Hazelnut - 2.90",5.75,CARD,8513805193126001
15/04/2025 13:29,London Camden,Aurora Weiner,"Regular Flavoured latte - Vanilla - 2.55, Large Speciality Tea - Peppermint - 1.60",4.15,CARD,1892264896392160
15/04/2025 13:30,London Camden,Jacqueline Herndon,"Large Speciality Tea - Peppermint - 1.60, Regular Flavoured hot chocolate - Hazelnut - 2.60, Large Flavoured hot chocolate - Hazelnut - 2.90, Large Flavoured hot chocolate - Vanilla - 2.90",10.0,CASH,
15/04/2025 13:30,London Camden,Joseph Ares,"Large Chai latte - 2.60, Large Iced latte - 2.85, Large Luxury hot chocolate - 2.70, Regular Iced latte - 2.35",10.5,CARD,9811922545808665
15/04/2025 13:31,London Camden,Bonnie Kingston,"Large Iced latte - 2.85, Regular Luxury hot chocolate - 2.40, Regular Chai latte - 2.30, Large Luxury hot chocolate - 2.70",10.25,CASH,
15/04/2025 13:32,London Camden,Amy Petersen,"Large Flavoured hot chocolate - Vanilla - 2.90, Large Speciality Tea - Peppermint - 1.60, Regular Flavoured hot chocolate - Hazelnut - 2.60, Large Flavoured hot chocolate - Hazelnut - 2.90, Large Speciality Tea - Peppermint - 1.60, Regular Flavoured hot chocolate - Hazelnut - 2.60",14.2,CARD,5529649355081179
15/04/2025 13:33,London Camden,Johnny Darnley,"Large Luxury hot chocolate - 2.70, Regular Iced latte - 2.35, Regular Speciality Tea - Peppermint - 1.30, Large Hot chocolate - 2.90, Regular Iced latte - 2.35, Regular Chai latte - 2.30",13.9,CARD,2692995926547651
15/04/2025 13:34,London Camden,John Shearer,"Large Speciality Tea - Peppermint - 1.60, Large Iced latte - 2.85, Large Luxury hot chocolate - 2.70, Regular Flavoured hot chocolate - Vanilla - 2.60, Regular Flavoured hot chocolate - Vanilla - 2.60",12.35,CARD,8893328927206857
15/04/2025 13:35,London Camden,Brittany Thies,"Large Flavoured hot chocolate - Vanilla - 2.90, Large Flavoured hot chocolate - Vanilla - 2.90, Large Iced latte - 2.85, Regular Flavoured latte - Vanilla - 2.55, Regular Luxury hot chocolate - 2.40",13.6,CARD,3090610406604552
15/04/2025 13:36,London Camden,Sherry Carpenter,Large Iced latte - 2.85,2.85,CARD,1848042127139172
15/04/2025 13:37,London Camden,Cameron Arnt,"Regular Luxury hot chocolate - 2.40, Regular Hot chocolate - 2.20, Regular Iced latte - 2.35, Regular Chai latte - 2.30",9.25,CASH,
15/04/2025 13:38,London Camden,Joan Carroll,"Large Flavoured hot chocolate - Vanilla - 2.90, Large Flavoured latte - Vanilla - 2.85, Large Chai latte - 2.60, Regular Flavoured latte - Vanilla - 2.55",10.9,CASH,
15/04/2025 13:38,London Camden,David Freeman,"Large Flavoured hot chocolate - Hazelnut - 2.90, Regular Flavoured latte - Vanilla - 2.55, Regular Hot chocolate - 2.20",7.65,CARD,3608183201049437
15/04/2025 13:39,London Camden,Gail Gore,"Regular Flavoured hot chocolate - Vanilla - 2.60, Regular Chai latte - 2.30, Large Luxury hot chocolate - 2.70, Large Speciality Tea - Peppermint - 1.60, Large Flavoured hot chocolate - Hazelnut - 2.90",12.1,CARD,3438625107243666
15/04/2025 13:40,London Camden,Megan Robinson,Large Flavoured hot chocolate - Vanilla - 2.90,2.9,CASH,
15/04/2025 13:41,London Camden,Sergio Davis,"Regular Iced latte - 2.35, Regular Hot chocolate - 2.20, Regular Iced latte - 2.35, Regular Chai latte - 2.30, Regular Hot chocolate - 2.20",11.4,CASH,
15/04/2025 13:42,London Camden,David Mays,"Regular Iced latte - 2.35, Large Flavoured hot chocolate - Hazelnut - 2.90",5.25,CARD,1597661989811212
15/04/2025 13:43,London Camden,Colleen Zurawski,"Large Hot chocolate - 2.90, Regular Speciality Tea - Peppermint - 1.30, Regular Iced latte - 2.35",6.55,CARD,3559477992526201
15/04/2025 13:44,London Camden,Zachary Morris,"Large Flavoured hot chocolate - Hazelnut - 2.90, Large Luxury hot chocolate - 2.70",5.6,CARD,1387268627495061
15/04/2025 13:45,London Camden,Amanda Reynolds,"Large Flavoured latte - Vanilla - 2.85, Regular Chai latte - 2.30",5.15,CARD,6841696264112190
15/04/2025 13:45,London Camden,Ronald Smith,"Large Iced latte - 2.85, Regular Iced latte - 2.35, Large Flavoured latte - Vanilla - 2.85, Regular Flavoured hot chocolate - Hazelnut - 2.60, Large Luxury hot chocolate - 2.70",13.35,CARD,4554216800333141
15/04/2025 13:46,London Camden,Martha Prosser,"Regular Luxury hot chocolate - 2.40, Regular Flavoured latte - Vanilla - 2.55, Large Iced latte - 2.85, Regular Luxury hot chocolate - 2.40, Large Hot chocolate - 2.90",13.1,CARD,1053630464459144
15/04/2025 13:47,London Camden,Lucy West,"Regular Chai latte - 2.30, Large Flavoured latte - Vanilla - 2.85, Large Flavoured hot chocolate - Vanilla - 2.90, Large Hot chocolate - 2.90",10.95,CARD,5460890618204995
15/04/2025 13:48,London Camden,Vincent Phagan,Regular Luxury hot chocolate - 2.40,2.4,CASH,
15/04/2025 13:49,London Camden,Scott White,"Large Flavoured hot chocolate - Vanilla - 2.90, Regular Iced latte - 2.35",5.25,CARD,7538568095615015
15/04/2025 13:50,London Camden,Carter Barrow,Regular Chai latte - 2.30,2.3,CASH,
15/04/2025 13:51,London Camden,William Eddie,Regular Hot chocolate - 2.20,2.2,CASH,
15/04/2025 13:52,London Camden,Darcie Walker,Regular Speciality Tea - Peppermint - 1.30,1.3,CARD,6896456973315964
15/04/2025 13:53,London Camden,William Koch,"Regular Flavoured hot chocolate - Hazelnut - 2.60, Large Iced latte - 2.85, Regular Flavoured hot chocolate - Vanilla - 2.60, Regular Hot chocolate - 2.20, Large Flavoured hot chocolate - Vanilla - 2.90",13.15,CASH,
15/04/2025 13:53,London Camden,William Mckinney,"Large Speciality Tea - Peppermint - 1.60, Large Flavoured latte - Vanilla - 2.85, Regular Chai latte - 2.30, Regular Flavoured hot chocolate - Hazelnut - 2.60",9.35,CARD,9242565415014867
15/04/2025 13:54,London Camden,Bessie Bates,"Regular Speciality Tea - Peppermint - 1.30, Large Speciality Tea - Peppermint - 1.60",2.9,CARD,7950788695511375
15/04/2025 13:55,London Camden,Lindy Aho,Regular Iced latte - 2.35,2.35,CASH,
15/04/2025 13:56,London Camden,James Walker,"Regular Flavoured hot chocolate - Vanilla - 2.60, Regular Chai latte - 2.30",4.9,CARD,8871714196233608
15/04/2025 13:57,London Camden,Steven Ellis,"Regular Flavoured hot chocolate - Vanilla - 2.60, Large Chai latte - 2.60, Large Speciality Tea - Peppermint - 1.60, Large Flavoured hot chocolate - Vanilla - 2.90",9.7,CARD,7224066832168943
15/04/2025 13:58,London Camden,Suzan Long,Large Flavoured hot chocolate - Vanilla - 2.90,2.9,CARD,7012449794505838
15/04/2025 13:59,London Camden,Bernard Thomas,"Regular Flavoured latte - Vanilla - 2.55, Large Speciality Tea - Peppermint - 1.60, Regular Hot chocolate - 2.20, Regular Luxury hot chocolate - 2.40, Regular Iced latte - 2.35",11.1,CARD,5391493169268430
15/04/2025 14:00,London Camden,Kathryn Sherrill,"Regular Luxury hot chocolate - 2.40, Large Iced latte - 2.85, Regular Flavoured hot chocolate - Vanilla - 2.60",7.85,CARD,2688663257742919
15/04/2025 14:00,London Camden,Jean Casey,"Regular Luxury hot chocolate - 2.40, Regular Flavoured latte - Vanilla - 2.55",4.95,CARD,9139718450901951
15/04/2025 14:01,London Camden,Jessica Willey,"Large Chai latte - 2.60, Large Flavoured hot chocolate - Hazelnut - 2.90, Regular Flavoured latte - Vanilla - 2.55, Large Speciality Tea - Peppermint - 1.60, Regular Flavoured latte - Vanilla - 2.55, Regular Flavoured hot chocolate - Vanilla - 2.60",14.8,CARD,1207302184227888
15/04/2025 14:02,London Camden,Roy Shelton,"Regular Chai latte - 2.30, Large Iced latte - 2.85, Regular Hot chocolate - 2.20, Regular Hot chocolate - 2.20, Regular Luxury hot chocolate - 2.40",11.95,CARD,7807557265786511
15/04/2025 14:03,London Camden,Elizabeth Benites,Large Chai latte - 2.60,2.6,CARD,8642415732604570
15/04/2025 14:04,London Camden,Sarah Page,"Regular Flavoured hot chocolate - Hazelnut - 2.60, Large Flavoured hot chocolate - Hazelnut - 2.90",5.5,CASH,
15/04/2025 14:05,London Camden,Silvia Gutshall,"Large Flavoured hot chocolate - Hazelnut - 2.90, Large Speciality Tea - Peppermint - 1.60",4.5,CARD,4802989022586284
15/04/2025 14:06,London Camden,Tiara Numbers,"Regular Iced latte - 2.35, Large Hot chocolate - 2.90, Large Hot chocolate - 2.90",8.15,CARD,7916045408721187
15/04/2025 14:07,London Camden,Cruz Monk,"Large Hot chocolate - 2.90, Regular Flavoured latte - Vanilla - 2.55, Large Iced latte - 2.85",8.3,CARD,9529063014491455
15/04/2025 14:07,London Camden,Nathan Mcdonald,"Regular Luxury hot chocolate - 2.40, Large Flavoured latte - Vanilla - 2.85, Large Hot chocolate - 2.90, Regular Flavoured latte - Vanilla - 2.55, Large Flavoured hot chocolate - Hazelnut - 2.90",13.6,CARD,4489168482199409
15/04/2025 14:08,London Camden,Jesse Vanvalkenbur,"Large Hot chocolate - 2.90, Large Speciality Tea - Peppermint - 1.60, Large Flavoured hot chocolate - Hazelnut - 2.90, Large Hot chocolate - 2.90, Regular Flavoured latte - Vanilla - 2.55",12.85,CASH,
15/04/2025 14:09,London Camden,Cecil Burk,"Regular Flavoured hot chocolate - Hazelnut - 2.60, Large Speciality Tea - Peppermint - 1.60, Regular Flavoured latte - Vanilla - 2.55, Large Flavoured latte - Vanilla - 2.85, Large Flavoured hot chocolate - Vanilla - 2.90",12.5,CARD,6109970459163739
15/04/2025 14:10,London Camden,Brenda Novotny,"Large Iced latte - 2.85, Regular Chai latte - 2.30",5.15,CARD,4161685832917719
15/04/2025 14:11,London Camden,Beverly Solis,"Large Chai latte - 2.60, Large Iced latte - 2.85, Large Flavoured latte - Vanilla - 2.85, Large Flavoured hot chocolate - Vanilla - 2.90",11.2,CARD,3285973681238518
15/04/2025 14:12,London Camden,Alex Mcconnell,"Regular Flavoured hot chocolate - Vanilla - 2.60, Regular Flavoured latte - Vanilla - 2.55, Regular Flavoured latte - Vanilla - 2.55",7.7,CARD,2020299142424222
15/04/2025 14:13,London Camden,Charity Seveney,"Large Flavoured hot chocolate - Hazelnut - 2.90, Regular Flavoured hot chocolate - Vanilla - 2.60, Large Flavoured hot chocolate - Vanilla - 2.90",8.4,CASH,
15/04/2025 14:13,London Camden,Brian Warmack,"Large Chai latte - 2.60, Regular Flavoured latte - Vanilla - 2.55",5.15,CARD,1021518955420584
15/04/2025 14:14,London Camden,Christine Wallace,"Large Luxury hot chocolate - 2.70, Large Flavoured hot chocolate - Vanilla - 2.90, Large Flavoured hot chocolate - Vanilla - 2.90, Regular Flavoured hot chocolate - Hazelnut - 2.60, Large Flavoured latte - Vanilla - 2.85",13.95,CARD,6170987782592958
15/04/2025 14:15,London Camden,Daniel Parra,"Large Flavoured hot chocolate - Vanilla - 2.90, Regular Chai latte - 2.30, Regular Chai latte - 2.30, Large Speciality Tea - Peppermint - 1.60",9.1,CARD,1962577803751046
15/04/2025 14:16,London Camden,Daniel Hirsch,Regular Hot chocolate - 2.20,2.2,CARD,2613023775182218
15/04/2025 14:17,London Camden,Bruce Liverman,Regular Flavoured latte - Vanilla - 2.55,2.55,CARD,6800452062859003
15/04/2025 14:18,London Camden,Stephanie Sanchez,Regular Chai latte - 2.30,2.3,CARD,4642309920139288
15/04/2025 14:19,London Camden,Willie Lunsford,Regular Flavoured hot chocolate - Hazelnut - 2.60,2.6,CARD,5260569631261550
15/04/2025 14:20,London Camden,Barbara Toledo,"Regular Flavoured latte - Vanilla - 2.55, Large Flavoured latte - Vanilla - 2.85, Regular Flavoured hot chocolate - Hazelnut - 2.60, Large Flavoured hot chocolate - Vanilla - 2.90",10.9,CARD,2496010686710341
15/04/2025 14:20,London Camden,Ronald Morales,"Large Hot chocolate - 2.90, Large Flavoured latte - Vanilla - 2.85, Regular Iced latte - 2.35",8.1,CARD,3238423267640611
15/04/2025 14:21,London Camden,Dana Hernandez,Regular Speciality Tea - Peppermint - 1.30,1.3,CARD,5473382639461459
15/04/2025 14:22,London Camden,Beth Mullens,"Large Chai latte - 2.60, Regular Flavoured latte - Vanilla - 2.55, Regular Flavoured hot chocolate - Hazelnut - 2.60, Large Speciality Tea - Peppermint - 1.60",9.35,CARD,2761372402157152
15/04/2025 14:23,London Camden,Daniel Burns,"Large Hot chocolate - 2.90, Regular Iced latte - 2.35",5.25,CASH,
15/04/2025 14:24,London Camden,Maureen Watson,"Large Luxury hot chocolate - 2.70, Large Luxury hot chocolate - 2.70, Large Luxury hot chocolate - 2.70",8.1,CARD,8505507960979859
15/04/2025 14:25,London Camden,Bobby Benzi,"Regular Chai latte - 2.30, Regular Flavoured hot chocolate - Hazelnut - 2.60, Large Flavoured hot chocolate - Hazelnut - 2.90, Large Chai latte - 2.60",10.4,CARD,9859199354917431
15/04/2025 14:26,London Camden,Walter Evans,"Regular Flavoured hot chocolate - Vanilla - 2.60, Large Speciality Tea - Peppermint - 1.60, Regular Chai latte - 2.30, Large Hot chocolate - 2.90, Large Speciality Tea - Peppermint - 1.60",11.0,CASH,
15/04/2025 14:26,London Camden,Earlene Maroney,"Regular Flavoured hot chocolate - Vanilla - 2.60, Regular Iced latte - 2.35, Large Luxury hot chocolate - 2.70",7.65,CARD,4076698069411762
15/04/2025 14:27,London Camden,Eleanor Hatch,"Large Chai latte - 2.60, Large Flavoured hot chocolate - Vanilla - 2.90, Regular Flavoured hot chocolate - Hazelnut - 2.60",8.1,CASH,
15/04/2025 14:28,London Camden,Steven Ellington,Large Chai latte - 2.60,2.6,CASH,
15/04/2025 14:29,London Camden,Evelyn Gauss,"Regular Flavoured latte - Vanilla - 2.55, Large Chai latte - 2.60, Regular Flavoured hot chocolate - Vanilla - 2.60",7.75,CARD,4963722135433135
15/04/2025 14:30,London Camden,Samantha Triplett,"Large Iced latte - 2.85, Large Iced latte - 2.85",5.7,CASH,
15/04/2025 14:31,London Camden,Betty Farmer,"Regular Flavoured hot chocolate - Hazelnut - 2.60, Large Flavoured latte - Vanilla - 2.85, Large Luxury hot chocolate - 2.70, Large Flavoured hot chocolate - Hazelnut - 2.90",11.05,CARD,9145808371926953
15/04/2025 14:32,London Camden,James Bolden,"Large Flavoured hot chocolate - Vanilla - 2.90, Regular Flavoured latte - Vanilla - 2.55, Regular Hot chocolate - 2.20, Regular Hot chocolate - 2.20, Regular Flavoured latte - Vanilla - 2.55",12.4,CASH,
15/04/2025 14:33,London Camden,Michelle Tibbles,"Large Flavoured latte - Vanilla - 2.85, Large Iced latte - 2.85",5.7,CASH,
15/04/2025 14:33,London Camden,Monique Fischer,Large Flavoured latte - Vanilla - 2.85,2.85,CASH,
15/04/2025 14:34,London Camden,Steven Harris,"Regular Iced latte - 2.35, Large Chai latte - 2.60, Large Hot chocolate - 2.90, Regular Hot chocolate - 2.20",10.05,CARD,6941270577960150
15/04/2025 14:35,London Camden,Desmond Kitt,"Large Luxury hot chocolate - 2.70, Large Flavoured hot chocolate - Vanilla - 2.90, Regular Luxury hot chocolate - 2.40, Regular Hot chocolate - 2.20",10.2,CARD,7487190682901919
15/04/2025 14:36,London Camden,Kyla Rojas,"Regular Chai latte - 2.30, Regular Luxury hot chocolate - 2.40, Regular Hot chocolate - 2.20, Large Iced latte - 2.85, Large Flavoured latte - Vanilla - 2.85, Regular Speciality Tea - Peppermint - 1.30",13.9,CASH,
15/04/2025 14:37,London Camden,Gregory Lipinski,"Large Luxury hot chocolate - 2.70, Regular Iced latte - 2.35",5.05,CARD,6752375951494332
15/04/2025 14:38,London Camden,Virginia Hernandez,"Regular Flavoured latte - Vanilla - 2.55, Regular Flavoured hot chocolate - Vanilla - 2.60, Large Flavoured hot chocolate - Hazelnut - 2.90, Large Flavoured latte - Vanilla - 2.85",10.9,CASH,
15/04/2025 14:39,London Camden,Jeff Lizaola,"Large Luxury hot chocolate - 2.70, Regular Speciality Tea - Peppermint - 1.30, Large Flavoured latte - Vanilla - 2.85, Large Flavoured hot chocolate - Hazelnut - 2.90, Regular Speciality Tea - Peppermint - 1.30, Large Speciality Tea - Peppermint - 1.60",12.65,CARD,3068852540292190
15/04/2025 14:39,London Camden,Louise Johnson,"Regular Flavoured hot chocolate - Hazelnut - 2.60, Large Hot chocolate - 2.90, Regular Iced latte - 2.35",7.85,CARD,7587431781473592
15/04/2025 14:40,London Camden,Kristopher Looney,"Regular Flavoured latte - Vanilla - 2.55, Regular Iced latte - 2.35, Regular Hot chocolate - 2.20, Regular Luxury hot chocolate - 2.40",9.5,CARD,8216162792806700
15/04/2025 14:41,London Camden,Corey Tranter,Regular Speciality Tea - Peppermint - 1.30,1.3,CASH,
15/04/2025 14:42,London Camden,Kenneth Chagnon,"Regular Iced latte - 2.35, Large Iced latte - 2.85",5.2,CARD,2941368948023375
15/04/2025 14:43,London Camden,Mae Merrill,"Large Flavoured latte - Vanilla - 2.85, Regular Hot chocolate - 2.20, Regular Flavoured latte - Vanilla - 2.55, Regular Flavoured latte - Vanilla - 2.55",10.15,CASH,
15/04/2025 14:44,London Camden,Donna Chambers,"Regular Speciality Tea - Peppermint - 1.30, Regular Flavoured hot chocolate - Vanilla - 2.60, Regular Flavoured hot chocolate - Vanilla - 2.60, Large Flavoured hot chocolate - Hazelnut - 2.90",9.4,CARD,9069482404752652
15/04/2025 14:45,London Camden,Joseph Alva,"Large Hot chocolate - 2.90, Large Flavoured latte - Vanilla - 2.85",5.75,CARD,1265783914933161
15/04/2025 14:46,London Camden,Robert Stepnowski,"Large Flavoured hot chocolate - Vanilla - 2.90, Regular Flavoured hot chocolate - Vanilla - 2.60",5.5,CARD,8464403903970717
15/04/2025 14:46,London Camden,Alice Scott,"Large Flavoured hot chocolate - Hazelnut - 2.90, Large Hot chocolate - 2.90",5.8,CARD,5225859270686779
15/04/2025 14:47,London Camden,Ernest Carmichael,"Regular Flavoured hot chocolate - Vanilla - 2.60, Regular Luxury hot chocolate - 2.40",5.0,CARD,8050780068070336
15/04/2025 14:48,London Camden,Regina Schwart,Regular Chai latte - 2.30,2.3,CASH,
15/04/2025 14:49,London Camden,Nancy Kaywood,Large Iced latte - 2.85,2.85,CASH,
15/04/2025 14:50,London Camden,Susan Holt,Regular Speciality Tea - Peppermint - 1.30,1.3,CARD,7615514493870794
15/04/2025 14:51,London Camden,Stephen Vargas,Regular Hot chocolate - 2.20,2.2,CARD,9007154253850441
15/04/2025 14:52,London Camden,Charles Mena,Large Hot chocolate - 2.90,2.9,CARD,8598770848257636
15/04/2025 14:52,London Camden,Jeremy Garson,"Regular Flavoured hot chocolate - Hazelnut - 2.60, Regular Flavoured hot chocolate - Vanilla - 2.60, Regular Iced latte - 2.35, Regular Flavoured latte - Vanilla - 2.55, Large Speciality Tea - Peppermint - 1.60",11.7,CARD,7186909977232495
15/04/2025 14:53,London Camden,Steven Brock,Large Luxury hot chocolate - 2.70,2.7,CARD,2380392108622603
15/04/2025 14:54,London Camden,Shane Brown,"Large Speciality Tea - Peppermint - 1.60, Regular Flavoured hot chocolate - Vanilla - 2.60, Regular Flavoured hot chocolate - Hazelnut - 2.60",6.8,CARD,8785050720341523
15/04/2025 14:55,London Camden,Carol Shumate,Large Speciality Tea - Peppermint - 1.60,1.6,CARD,4058385636655817
15/04/2025 14:56,London Camden,Gayle Jobst,"Regular Flavoured latte - Vanilla - 2.55, Large Iced latte - 2.85, Large Chai latte - 2.60, Large Luxury hot chocolate - 2.70, Large Hot chocolate - 2.90",13.6,CARD,2506194334724387
15/04/2025 14:57,London Camden,Christine Wells,Large Iced latte - 2.85,2.85,CARD,4151125152666710
15/04/2025 14:58,London Camden,Gladys Maltas,Large Speciality Tea - Peppermint - 1.60,1.6,CARD,7452829447342384
15/04/2025 14:59,London Camden,Scott Toth,"Regular Flavoured latte - Vanilla - 2.55, Regular Flavoured latte - Vanilla - 2.55, Large Hot chocolate - 2.90, Large Flavoured hot chocolate - Hazelnut - 2.90, Regular Speciality Tea - Peppermint - 1.30",12.2,CARD,9900392770392066
15/04/2025 14:59,London Camden,Brian Reeves,"Regular Flavoured hot chocolate - Vanilla - 2.60, Regular Chai latte - 2.30",4.9,CARD,5906901535212227
15/04/2025 15:00,London Camden,Ray Ahmed,Regular Luxury hot chocolate - 2.40,2.4,CARD,4840829579396879
15/04/2025 15:01,London Camden,Mary Bell,"Regular Flavoured hot chocolate - Vanilla - 2.60, Large Luxury hot chocolate - 2.70, Large Iced latte - 2.85",8.15,CARD,3698238192514348
15/04/2025 15:03,London Camden,Warren Johnson,"Regular Speciality Tea - Peppermint - 1.30, Large Flavoured latte - Vanilla - 2.85, Regular Hot chocolate - 2.20",6.35,CARD,7066413417851941
15/04/2025 15:04,London Camden,Robert Johnson,"Large Flavoured hot chocolate - Vanilla - 2.90, Large Hot chocolate - 2.90, Regular Luxury hot chocolate - 2.40",8.2,CASH,
15/04/2025 15:05,London Camden,Joanne Brass,Large Luxury hot chocolate - 2.70,2.7,CARD,9426221395429951
15/04/2025 15:06,London Camden,Ricky Loring,"Large Speciality Tea - Peppermint - 1.60, Large Chai latte - 2.60",4.2,CARD,5591805151850632
15/04/2025 15:07,London Camden,David Wolverton,"Regular Hot chocolate - 2.20, Large Iced latte - 2.85, Large Hot chocolate - 2.90",7.95,CARD,9793259460231655
15/04/2025 15:08,London Camden,Anne Patlan,"Large Chai latte - 2.60, Regular Chai latte - 2.30, Large Chai latte - 2.60, Large Iced latte - 2.85, Large Flavoured latte - Vanilla - 2.85, Regular Flavoured latte - Vanilla - 2.55",15.75,CASH,
15/04/2025 15:10,London Camden,Corey Anderton,"Regular Chai latte - 2.30, Large Hot chocolate - 2.90, Large Flavoured hot chocolate - Vanilla - 2.90",8.1,CASH,
15/04/2025 15:11,London Camden,David Santos,"Large Iced latte - 2.85, Large Flavoured latte - Vanilla - 2.85, Large Iced latte - 2.85, Regular Flavoured latte - Vanilla - 2.55, Large Flavoured hot chocolate - Hazelnut - 2.90",14.0,CARD,3648499834075345
15/04/2025 15:12,London Camden,Enrique Hunt,"Large Luxury hot chocolate - 2.70, Regular Chai latte - 2.30, Large Iced latte - 2.85, Regular Flavoured hot chocolate - Hazelnut - 2.60",10.45,CARD,4902272502967136
15/04/2025 15:13,London Camden,Brian Tallarico,Large Iced latte - 2.85,2.85,CARD,3957374240827911
15/04/2025 15:14,London Camden,Zoe Church,Regular Chai latte - 2.30,2.3,CARD,7586446574989755
15/04/2025 15:15,London Camden,Mark Hossain,"Regular Flavoured hot chocolate - Hazelnut - 2.60, Regular Flavoured latte - Vanilla - 2.55",5.15,CARD,5274129796921947
15/04/2025 15:17,London Camden,Frank Mcbride,"Large Flavoured latte - Vanilla - 2.85, Regular Flavoured hot chocolate - Hazelnut - 2.60, Large Flavoured hot chocolate - Vanilla - 2.90, Regular Iced latte - 2.35",10.7,CARD,7189142433071803
15/04/2025 15:18,London Camden,Michael Jankowski,"Regular Hot chocolate - 2.20, Large Chai latte - 2.60, Large Flavoured hot chocolate - Hazelnut - 2.90",7.7,CARD,9979712718847011
15/04/2025 15:19,London Camden,Margie Watts,"Large Hot chocolate - 2.90, Regular Flavoured hot chocolate - Hazelnut - 2.60, Regular Speciality Tea - Peppermint - 1.30, Large Flavoured hot chocolate - Hazelnut - 2.90, Regular Flavoured latte - Vanilla - 2.55",12.25,CASH,
15/04/2025 15:20,London Camden,Shena Hendrix,Large Chai latte - 2.60,2.6,CASH,
15/04/2025 15:21,London Camden,Zulma Gillen,Large Flavoured latte - Vanilla - 2.85,2.85,CASH,
15/04/2025 15:22,London Camden,Georgia Smith,Large Hot chocolate - 2.90,2.9,CARD,1248807803948544
15/04/2025 15:24,London Camden,Jacqueline Jones,"Large Speciality Tea - Peppermint - 1.60, Large Luxury hot chocolate - 2.70",4.3,CARD,4117051460257985
15/04/2025 15:25,London Camden,Steven Cutter,Large Chai latte - 2.60,2.6,CARD,5361679436802201
15/04/2025 15:26,London Camden,Juan Chapman,"Large Speciality Tea - Peppermint - 1.60, Regular Hot chocolate - 2.20",3.8,CARD,4787760264539926
15/04/2025 15:27,London Camden,Jerry Adam,"Large Speciality Tea - Peppermint - 1.60, Regular Chai latte - 2.30",3.9,CARD,8303968685595130
15/04/2025 15:28,London Camden,Delmy Crowe,"Large Flavoured hot chocolate - Vanilla - 2.90, Regular Chai latte - 2.30",5.2,CARD,4725282507748721
15/04/2025 15:29,London Camden,Alan Apple,"Regular Iced latte - 2.35, Large Luxury hot chocolate - 2.70",5.05,CARD,8253942561236556
15/04/2025 15:31,London Camden,Erma Halterman,"Regular Flavoured hot chocolate - Hazelnut - 2.60, Large Flavoured latte - Vanilla - 2.85",5.45,CASH,
15/04/2025 15:32,London Camden,Ashley Elmore,"Regular Hot chocolate - 2.20, Large Chai latte - 2.60, Large Hot chocolate - 2.90",7.7,CARD,5273853073480487
15/04/2025 15:33,London Camden,Charles Robbins,"Regular Hot chocolate - 2.20, Large Chai latte - 2.60",4.8,CARD,3110717066809300
15/04/2025 15:34,London Camden,Dorothy Cooper,"Regular Hot chocolate - 2.20, Large Hot chocolate - 2.90, Regular Chai latte - 2.30, Large Flavoured hot chocolate - Vanilla - 2.90",10.3,CASH,
15/04/2025 15:35,London Camden,Christopher Madison,"Large Flavoured hot chocolate - Vanilla - 2.90, Large Hot chocolate - 2.90, Large Hot chocolate - 2.90, Regular Hot chocolate - 2.20, Regular Hot chocolate - 2.20",13.1,CASH,
15/04/2025 15:36,London Camden,John Enfinger,"Regular Iced latte - 2.35, Large Flavoured hot chocolate - Vanilla - 2.90, Large Chai latte - 2.60",7.85,CASH,
15/04/2025 15:38,London Camden,Johnnie Cashion,"Large Speciality Tea - Peppermint - 1.60, Large Speciality Tea - Peppermint - 1.60, Regular Hot chocolate - 2.20, Regular Flavoured latte - Vanilla - 2.55",7.95,CASH,
15/04/2025 15:39,London Camden,John Rondeau,"Large Chai latte - 2.60, Regular Chai latte - 2.30",4.9,CARD,5360591227779931
15/04/2025 15:40,London Camden,Roderick Brown,"Regular Flavoured latte - Vanilla - 2.55, Regular Flavoured latte - Vanilla - 2.55, Large Speciality Tea - Peppermint - 1.60, Regular Iced latte - 2.35",9.05,CASH,
15/04/2025 15:41,London Camden,Helen Knight,"Regular Chai latte - 2.30, Regular Flavoured hot chocolate - Vanilla - 2.60, Regular Speciality Tea - Peppermint - 1.30",6.2,CARD,9577515148917930
15/04/2025 15:42,London Camden,Todd Fisk,"Regular Speciality Tea - Peppermint - 1.30, Regular Speciality Tea - Peppermint - 1.30, Large Hot chocolate - 2.90, Regular Chai latte - 2.30",7.8,CASH,
15/04/2025 15:43,London Camden,Paul Hudson,"Regular Speciality Tea - Peppermint - 1.30, Regular Hot chocolate - 2.20, Regular Iced latte - 2.35, Large Luxury hot chocolate - 2.70, Regular Speciality Tea - Peppermint - 1.30",9.85,CARD,8198311680438055
15/04/2025 15:45,London Camden,Angela Mcandrew,"Regular Iced latte - 2.35, Large Iced latte - 2.85",5.2,CASH,
15/04/2025 15:46,London Camden,Kathryn Fultz,Regular Speciality Tea - Peppermint - 1.30,1.3,CARD,6806422441773686
15/04/2025 15:47,London Camden,Melanie Mattila,Regular Flavoured hot chocolate - Vanilla - 2.60,2.6,CARD,6636373052216362
15/04/2025 15:48,London Camden,Stella Jeffcoat,"Regular Speciality Tea - Peppermint - 1.30, Regular Flavoured hot chocolate - Hazelnut - 2.60, Regular Flavoured hot chocolate - Vanilla - 2.60, Regular Speciality Tea - Peppermint - 1.30, Large Speciality Tea - Peppermint - 1.60, Regular Luxury hot chocolate - 2.40",11.8,CASH,
15/04/2025 15:49,London Camden,Isabel Mitchell,"Regular Iced latte - 2.35, Large Luxury hot chocolate - 2.70, Regular Chai latte - 2.30, Regular Flavoured hot chocolate - Vanilla - 2.60",9.95,CASH,
15/04/2025 15:50,London Camden,Thomas Murray,Regular Flavoured hot chocolate - Vanilla - 2.60,2.6,CARD,7591204222569296
15/04/2025 15:52,London Camden,Leticia Laureano,"Large Speciality Tea - Peppermint - 1.60, Large Iced latte - 2.85, Large Luxury hot chocolate - 2.70",7.15,CARD,6408161441498860
15/04/2025 15:53,London Camden,Ronald Laws,Large Iced latte - 2.85,2.85,CARD,6325154358464736
15/04/2025 15:54,London Camden,Christopher Izatt,"Regular Flavoured hot chocolate - Vanilla - 2.60, Large Flavoured latte - Vanilla - 2.85, Regular Flavoured hot chocolate - Hazelnut - 2.60, Regular Flavoured latte - Vanilla - 2.55",10.6,CARD,7896614019201710
15/04/2025 15:55,London Camden,Candice Tvedt,"Large Luxury hot chocolate - 2.70, Regular Luxury hot chocolate - 2.40, Large Flavoured latte - Vanilla - 2.85",7.95,CASH,
15/04/2025 15:56,London Camden,Charles Lopez,"Large Iced latte - 2.85, Large Flavoured hot chocolate - Vanilla - 2.90",5.75,CARD,3535041850524896
15/04/2025 15:57,London Camden,James Hammer,"Large Flavoured latte - Vanilla - 2.85, Large Luxury hot chocolate - 2.70",5.55,CASH,
15/04/2025 15:59,London Camden,Patricia Cheek,"Large Iced latte - 2.85, Regular Speciality Tea - Peppermint - 1.30",4.15,CARD,8222415072465495
15/04/2025 16:00,London Camden,Christopher Jackson,"Regular Flavoured latte - Vanilla - 2.55, Large Flavoured latte - Vanilla - 2.85, Regular Hot chocolate - 2.20, Regular Flavoured hot chocolate - Hazelnut - 2.60, Large Hot chocolate - 2.90",13.1,CASH,
15/04/2025 16:02,London Camden,Gerald Ford,"Regular Flavoured hot chocolate - Vanilla - 2.60, Large Speciality Tea - Peppermint - 1.60, Regular Flavoured hot chocolate - Hazelnut - 2.60",6.8,CARD,9738187180304934
15/04/2025 16:04,London Camden,Kimberly Beck,Large Hot chocolate - 2.90,2.9,CARD,9466150397381886
15/04/2025 16:06,London Camden,Lester Ramirez,"Regular Flavoured hot chocolate - Vanilla - 2.60, Large Speciality Tea - Peppermint - 1.60",4.2,CASH,
15/04/2025 16:09,London Camden,Terri Reta,"Regular Speciality Tea - Peppermint - 1.30, Regular Hot chocolate - 2.20",3.5,CARD,1447213990969096
15/04/2025 16:11,London Camden,William Powell,"Large Speciality Tea - Peppermint - 1.60, Regular Iced latte - 2.35, Regular Flavoured latte - Vanilla - 2.55",6.5,CARD,5730571035510708
15/04/2025 16:13,London Camden,Jenifer Powell,"Large Hot chocolate - 2.90, Large Flavoured hot chocolate - Hazelnut - 2.90, Large Speciality Tea - Peppermint - 1.60, Regular Flavoured latte - Vanilla - 2.55, Regular Flavoured hot chocolate - Vanilla - 2.60, Large Luxury hot chocolate - 2.70",15.25,CARD,2709439572970944
15/04/2025 16:15,London Camden,Lisa Jones,"Large Flavoured hot chocolate - Hazelnut - 2.90, Large Luxury hot chocolate - 2.70, Large Flavoured latte - Vanilla - 2.85, Regular Chai latte - 2.30",10.75,CARD,6953753274380027
15/04/2025 16:18,London Camden,Mark Segura,"Regular Chai latte - 2.30, Large Iced latte - 2.85, Regular Speciality Tea - Peppermint - 1.30, Regular Speciality Tea - Peppermint - 1.30",7.75,CARD,2185529401612155
15/04/2025 16:20,London Camden,Minnie Elsey,Large Flavoured hot chocolate - Vanilla - 2.90,2.9,CARD,8799440519867910
15/04/2025 16:22,London Camden,Robert Garner,"Regular Hot chocolate - 2.20, Regular Luxury hot chocolate - 2.40, Large Iced latte - 2.85, Large Flavoured hot chocolate - Vanilla - 2.90",10.35,CARD,1732557574812278
15/04/2025 16:24,London Camden,Dwayne Ochinang,"Large Flavoured hot chocolate - Vanilla - 2.90, Large Luxury hot chocolate - 2.70, Large Flavoured hot chocolate - Vanilla - 2.90, Large Hot chocolate - 2.90, Regular Flavoured hot chocolate - Vanilla - 2.60",14.0,CARD,4274330576201767
15/04/2025 16:26,London Camden,Joy Wolfe,Regular Iced latte - 2.35,2.35,CASH,
15/04/2025 16:29,London Camden,Bridget Arnold,"Regular Iced latte - 2.35, Large Hot chocolate - 2.90",5.25,CARD,7745820502364887
15/04/2025 16:31,London Camden,Timothy Olivera,"Large Chai latte - 2.60, Large Speciality Tea - Peppermint - 1.60, Large Flavoured hot chocolate - Hazelnut - 2.90, Large Luxury hot chocolate - 2.70",9.8,CASH,
15/04/2025 16:33,London Camden,Sean Bedford,"Large Hot chocolate - 2.90, Regular Iced latte - 2.35, Regular Chai latte - 2.30",7.55,CARD,1450831091278320
15/04/2025 16:35,London Camden,Arnold Davis,"Large Speciality Tea - Peppermint - 1.60, Regular Flavoured hot chocolate - Vanilla - 2.60, Large Iced latte - 2.85",7.05,CARD,1108652836477822
15/04/2025 16:37,London Camden,Verdell Rodriguez,"Regular Hot chocolate - 2.20, Regular Iced latte - 2.35",4.55,CARD,9948227234138266
15/04/2025 16:40,London Camden,Jared Foster,"Regular Speciality Tea - Peppermint - 1.30, Regular Speciality Tea - Peppermint - 1.30",2.6,CARD,1828428481012809
15/04/2025 16:42,London Camden,Gary Amen,"Regular Hot chocolate - 2.20, Large Chai latte - 2.60, Large Flavoured hot chocolate - Hazelnut - 2.90",7.7,CARD,3556513552415837
15/04/2025 16:44,London Camden,Ryan Alcorn,Large Flavoured latte - Vanilla - 2.85,2.85,CASH,
15/04/2025 16:46,London Camden,Richard Collier,"Large Luxury hot chocolate - 2.70, Large Flavoured hot chocolate - Vanilla - 2.90, Regular Luxury hot chocolate - 2.40, Large Flavoured latte - Vanilla - 2.85",10.85,CARD,1767934460937181
15/04/2025 16:49,London Camden,Tyree Diaz,"Large Speciality Tea - Peppermint - 1.60, Large Hot chocolate - 2.90, Regular Hot chocolate - 2.20, Regular Luxury hot chocolate - 2.40, Regular Flavoured latte - Vanilla - 2.55, Regular Hot chocolate - 2.20",13.85,CARD,1999721241064909
15/04/2025 16:51,London Camden,Bruce Wilkes,"Large Luxury hot chocolate - 2.70, Regular Iced latte - 2.35",5.05,CARD,1847290900110916
15/04/2025 16:53,London Camden,Juan Plummer,"Regular Iced latte - 2.35, Large Flavoured hot chocolate - Hazelnut - 2.90, Large Flavoured hot chocolate - Vanilla - 2.90, Regular Hot chocolate - 2.20, Regular Flavoured hot chocolate - Hazelnut - 2.60",12.95,CARD,3973917061408894
15/04/2025 16:55,London Camden,David Broome,Regular Flavoured hot chocolate - Vanilla - 2.60,2.6,CASH,
15/04/2025 16:57,London Camden,Beverly Cavin,"Large Iced latte - 2.85, Regular Hot chocolate - 2.20, Regular Flavoured hot chocolate - Vanilla - 2.60",7.65,CASH,
